"id","acelX","acelY","acelZ","girX","girY","girZ","idTipoMovimento","mag"
9949,3465.0,-2115.0,986.0,5168.0,-3162.0,3266.0,2,-4032.0
9950,3131.0,-1980.0,418.0,5120.0,1207.0,13692.0,2,12110.0
9951,1438.0,-588.0,3494.0,5104.0,1932.0,-2646.0,2,-3391.0
9952,1281.0,-326.0,4320.0,5120.0,-5826.0,-5113.0,2,-4015.0
9953,1365.0,-840.0,2588.0,5072.0,1590.0,-1217.0,2,10230.0
9954,1300.0,-348.0,3661.0,5184.0,1175.0,478.0,2,159.0
9955,1726.0,-1172.0,3920.0,5136.0,-258.0,668.0,2,-4814.0
9956,1188.0,-396.0,2713.0,5104.0,-134.0,-2460.0,2,9068.0
9957,757.0,-627.0,3286.0,5136.0,-838.0,-2257.0,2,618.0
9958,1624.0,-1105.0,4557.0,5104.0,-1017.0,2729.0,2,-3096.0
9959,1005.0,-37.0,2972.0,5168.0,457.0,-5091.0,2,10081.0
9960,739.0,-736.0,3814.0,5120.0,-2584.0,-2510.0,2,-4051.0
9961,1283.0,-1153.0,5356.0,5136.0,5988.0,5437.0,2,2431.0
9962,994.0,-226.0,4002.0,5184.0,-1050.0,2092.0,2,-5514.0
9963,332.0,-640.0,3148.0,5184.0,-2845.0,-350.0,2,-14398.0
9964,1315.0,-285.0,3626.0,5104.0,1555.0,2963.0,2,-1922.0
9965,1527.0,-244.0,4814.0,5232.0,-203.0,763.0,2,827.0
9966,1673.0,-477.0,2997.0,5200.0,406.0,-1391.0,2,-1608.0
9967,1260.0,-152.0,3385.0,5136.0,-4283.0,-6678.0,2,8875.0
9968,-426.0,-1389.0,4243.0,5120.0,-2128.0,487.0,2,-29856.0
9969,696.0,-759.0,3630.0,5200.0,-1946.0,686.0,2,-13629.0
9970,1975.0,-388.0,3223.0,5120.0,-4448.0,-265.0,2,-7719.0
9971,1033.0,-645.0,3274.0,5168.0,11175.0,3609.0,2,15672.0
9972,1149.0,-268.0,4266.0,5184.0,-2194.0,1775.0,2,-2284.0
9973,1010.0,6.0,4346.0,5232.0,10609.0,-1046.0,2,1767.0
9974,998.0,-455.0,2938.0,5120.0,-7365.0,-5687.0,2,-6615.0
9975,1775.0,-1056.0,3473.0,5104.0,8739.0,6738.0,2,-1925.0
9976,1781.0,-528.0,3553.0,5104.0,10556.0,4337.0,2,2531.0
9977,1322.0,-483.0,2466.0,5200.0,-8359.0,-6038.0,2,-5238.0
9978,1815.0,-734.0,3085.0,5136.0,8913.0,5663.0,2,-1610.0
9979,1940.0,-516.0,2926.0,5184.0,3835.0,4307.0,2,6593.0
9980,1225.0,-404.0,2750.0,5200.0,-7048.0,-4473.0,2,-4455.0
9981,1729.0,-359.0,3356.0,5184.0,3649.0,6828.0,2,-1663.0
9982,1469.0,-91.0,3581.0,5184.0,6543.0,6106.0,2,174.0
9983,920.0,-922.0,2923.0,5200.0,-9804.0,-6847.0,2,-1104.0
9984,1641.0,-871.0,3880.0,5200.0,5782.0,4797.0,2,-2352.0
9985,2135.0,-532.0,4152.0,5120.0,4275.0,8777.0,2,-10476.0
9986,591.0,-1051.0,3605.0,5168.0,353.0,2614.0,2,-5683.0
9987,1400.0,-612.0,3529.0,5248.0,883.0,53.0,2,-1889.0
9988,1267.0,-662.0,4164.0,5120.0,-2885.0,3778.0,2,-5851.0
9989,1635.0,-671.0,4117.0,5200.0,13842.0,8079.0,2,4228.0
9990,787.0,-525.0,3292.0,5184.0,-5102.0,-1053.0,2,-10361.0
9991,1162.0,-793.0,2777.0,5168.0,-775.0,-569.0,2,94.0
9992,1280.0,-96.0,4310.0,5120.0,-301.0,-2206.0,2,7171.0
9993,1244.0,-902.0,4147.0,5184.0,-4536.0,-2573.0,2,-3372.0
9994,1189.0,-679.0,2830.0,5200.0,3820.0,-1406.0,2,9522.0
9995,633.0,-219.0,4173.0,5200.0,-2686.0,-3837.0,2,197.0
9996,562.0,-1072.0,4163.0,5184.0,-2490.0,-1573.0,2,-15155.0
9997,1017.0,-280.0,3139.0,5120.0,-3834.0,-65.0,2,6566.0
9998,998.0,-334.0,3136.0,5120.0,-2271.0,-4155.0,2,2245.0
9999,2039.0,-1071.0,6160.0,5248.0,5011.0,4105.0,2,-3097.0
10000,1324.0,-56.0,4171.0,5104.0,4197.0,61.0,2,-1930.0
10001,343.0,-923.0,3264.0,5184.0,-5939.0,-2717.0,2,-14844.0
10002,735.0,-1016.0,3452.0,5232.0,-7651.0,2286.0,2,-19719.0
10003,1529.0,-1677.0,3269.0,5200.0,-7721.0,3092.0,2,-10156.0
10004,1469.0,-665.0,3360.0,5184.0,766.0,2598.0,2,-3801.0
10005,1032.0,-77.0,3610.0,5184.0,-5103.0,-4274.0,2,2379.0
10006,1880.0,-1277.0,4746.0,5200.0,-458.0,202.0,2,9468.0
10007,1027.0,62.0,3807.0,5232.0,1229.0,-1430.0,2,-16304.0
10008,732.0,-691.0,3273.0,5200.0,-5188.0,-4642.0,2,1994.0
10009,1943.0,-667.0,2926.0,5248.0,8462.0,5219.0,2,1911.0
10010,975.0,-371.0,5123.0,5200.0,11233.0,2808.0,2,9760.0
10011,1152.0,-93.0,4430.0,5184.0,-6543.0,-7851.0,2,-101.0
10012,1857.0,-1001.0,3013.0,5248.0,3934.0,1434.0,2,5815.0
10013,1025.0,-363.0,3798.0,5168.0,1414.0,840.0,2,-1419.0
10014,597.0,-1011.0,3065.0,5184.0,1355.0,-397.0,2,-6760.0
10015,1292.0,-621.0,3255.0,5120.0,-2169.0,2771.0,2,-7456.0
10016,1764.0,-16.0,3103.0,5200.0,5474.0,1707.0,2,2291.0
10017,1349.0,-321.0,2875.0,5232.0,-10126.0,-8542.0,2,-431.0
10018,1853.0,-466.0,3595.0,5168.0,4289.0,5044.0,2,-1623.0
10019,1076.0,-335.0,3773.0,5168.0,4444.0,2037.0,2,-13810.0
10020,306.0,-722.0,3338.0,5168.0,4151.0,2651.0,2,-8465.0
10021,727.0,-530.0,4049.0,5136.0,-4062.0,1860.0,2,-7536.0
10022,1393.0,-462.0,3951.0,5184.0,5042.0,3638.0,2,-2447.0
10023,-95.0,650.0,3557.0,5104.0,-629.0,-2096.0,2,7291.0
10024,1350.0,20.0,3531.0,5184.0,5687.0,-1873.0,2,12360.0
10025,814.0,-342.0,3733.0,5120.0,-5846.0,-5868.0,2,331.0
10026,1760.0,-256.0,3088.0,5200.0,1743.0,2308.0,2,5711.0
10027,946.0,-343.0,5351.0,5232.0,8483.0,2489.0,2,15326.0
10028,1158.0,-20.0,3440.0,5248.0,-3867.0,-5936.0,2,7253.0
10029,1507.0,-369.0,2854.0,5136.0,6466.0,3027.0,2,12363.0
10030,1025.0,-1899.0,3246.0,5184.0,-107.0,97.0,2,8942.0
10031,1212.0,-1822.0,3334.0,5104.0,374.0,1663.0,2,-1687.0
10032,1160.0,-1700.0,3784.0,5168.0,-20692.0,-8385.0,2,4600.0
10033,1429.0,-3117.0,2012.0,5168.0,517.0,1481.0,2,-3169.0
10034,2637.0,-2566.0,3716.0,5136.0,1414.0,6883.0,2,-452.0
10035,1557.0,-1096.0,3114.0,5200.0,-4297.0,-563.0,2,1899.0
10036,1255.0,-1043.0,2945.0,5280.0,4413.0,-177.0,2,2653.0
10037,1985.0,-982.0,3175.0,5200.0,8069.0,3019.0,2,18845.0
10038,947.0,-260.0,5649.0,5168.0,12084.0,2868.0,2,10446.0
10039,965.0,-35.0,3640.0,5136.0,-8966.0,-7459.0,2,-6444.0
10040,1566.0,-1356.0,2770.0,5232.0,5820.0,5894.0,2,-1633.0
10041,1349.0,-402.0,4154.0,5120.0,6450.0,4026.0,2,3237.0
10042,383.0,-757.0,3451.0,5184.0,504.0,-1181.0,2,-7032.0
10043,776.0,-1023.0,2887.0,5280.0,1475.0,1269.0,2,1167.0
10044,663.0,-748.0,4057.0,5248.0,-4238.0,-3008.0,2,-805.0
10045,1015.0,-1557.0,3780.0,5120.0,-196.0,2118.0,2,-7609.0
10046,1165.0,-347.0,3022.0,5120.0,2887.0,-138.0,2,3359.0
10047,965.0,-533.0,2980.0,5200.0,-12495.0,-6888.0,2,-6564.0
10048,1799.0,-1275.0,5201.0,5184.0,18956.0,8689.0,2,12761.0
10049,728.0,71.0,3602.0,5072.0,-9134.0,-2779.0,2,-16304.0
10050,12.0,-1235.0,3864.0,5136.0,4459.0,3159.0,2,-7995.0
10051,854.0,274.0,4114.0,5072.0,-8927.0,-7135.0,2,-228.0
10052,352.0,-1259.0,4380.0,5200.0,-6571.0,-7356.0,2,-16737.0
10053,962.0,-879.0,3028.0,5248.0,2856.0,-2388.0,2,16807.0
10054,969.0,-355.0,3168.0,5168.0,-3377.0,-3370.0,2,-1339.0
10055,1731.0,-946.0,4450.0,5184.0,1389.0,1230.0,2,6671.0
10056,825.0,70.0,3284.0,5184.0,467.0,-5268.0,2,16023.0
10057,777.0,-433.0,3026.0,5136.0,-856.0,-6938.0,2,6807.0
10058,1305.0,-876.0,3806.0,5168.0,-2157.0,-443.0,2,-4440.0
10059,1649.0,-1361.0,2238.0,5168.0,768.0,-3466.0,2,4890.0
10060,934.0,394.0,3394.0,5184.0,-9443.0,-7207.0,2,-282.0
10061,792.0,-547.0,3564.0,5136.0,-2064.0,-2104.0,2,-2788.0
10062,1748.0,-579.0,4663.0,5200.0,529.0,2338.0,2,-1551.0
10063,1192.0,-284.0,2790.0,5200.0,2531.0,-1404.0,2,10618.0
10064,764.0,-445.0,3877.0,5184.0,-3779.0,-4311.0,2,-467.0
10065,1778.0,-923.0,3930.0,5200.0,-680.0,1839.0,2,-1191.0
10066,1093.0,-21.0,3315.0,5296.0,3284.0,-970.0,2,11016.0
10067,787.0,-174.0,3123.0,5120.0,-6725.0,-5414.0,2,1082.0
10068,1622.0,-1223.0,4936.0,5168.0,4737.0,3931.0,2,649.0
10069,906.0,-1.0,3776.0,5168.0,-4882.0,3505.0,2,-11560.0
10070,108.0,-714.0,3304.0,5120.0,-4152.0,328.0,2,-19658.0
10071,1117.0,-779.0,3222.0,5136.0,2620.0,5247.0,2,-8770.0
10072,770.0,-621.0,4523.0,5200.0,722.0,-107.0,2,1876.0
10073,959.0,-785.0,4408.0,5232.0,-3497.0,-5082.0,2,-4030.0
10074,1437.0,-704.0,2726.0,5232.0,3614.0,-1093.0,2,12931.0
10075,1124.0,-168.0,4550.0,5296.0,-6293.0,-6680.0,2,-2558.0
10076,1286.0,-365.0,4104.0,5184.0,-5396.0,-123.0,2,-5142.0
10077,1721.0,-246.0,3491.0,5184.0,13755.0,5798.0,2,11814.0
10078,907.0,-773.0,3905.0,5200.0,-9451.0,-6785.0,2,-4070.0
10079,1513.0,-966.0,4595.0,5168.0,4203.0,7015.0,2,-9547.0
10080,1290.0,68.0,3083.0,5168.0,4071.0,1624.0,2,4433.0
10081,1043.0,-1385.0,2915.0,5136.0,-1984.0,-2500.0,2,-2590.0
10082,805.0,-206.0,4513.0,5136.0,-1766.0,1451.0,2,-5634.0
10083,1177.0,216.0,3866.0,5136.0,2230.0,2260.0,2,10969.0
10084,908.0,-147.0,3620.0,5184.0,-182.0,-1090.0,2,-4081.0
10085,1061.0,-829.0,4201.0,5168.0,-3448.0,-2683.0,2,-5588.0
10086,1325.0,-1555.0,2888.0,5184.0,4402.0,-1816.0,2,15748.0
10087,931.0,-1052.0,3353.0,5104.0,1329.0,636.0,2,774.0
10088,405.0,-751.0,3894.0,5200.0,-6842.0,3784.0,2,-10649.0
10089,76.0,-1271.0,3922.0,5200.0,-627.0,2208.0,2,-15997.0
10090,1226.0,-74.0,3073.0,5200.0,-1897.0,552.0,2,-1990.0
10091,1138.0,-513.0,3428.0,5104.0,6928.0,1307.0,2,6287.0
10092,1073.0,-673.0,3347.0,5104.0,-3577.0,-2698.0,2,-5254.0
10093,1043.0,-971.0,2641.0,5120.0,-2355.0,-3662.0,2,10030.0
10094,976.0,-733.0,3694.0,5104.0,825.0,-499.0,2,3890.0
10095,874.0,-1012.0,3563.0,5200.0,-3971.0,1137.0,2,-9081.0
10096,793.0,-251.0,3101.0,5184.0,-4835.0,-2811.0,2,-3331.0
10097,781.0,-234.0,4591.0,5184.0,-4464.0,-6804.0,2,4079.0
10098,1060.0,-524.0,4075.0,5008.0,-3391.0,-5632.0,2,-3330.0
10099,1230.0,-711.0,2664.0,5136.0,3951.0,-579.0,2,10603.0
10100,1082.0,-459.0,3740.0,5200.0,3267.0,796.0,2,121.0
10101,1270.0,-835.0,3781.0,5168.0,-6140.0,-1883.0,2,-8634.0
10102,1152.0,-714.0,2874.0,5200.0,3544.0,-399.0,2,8250.0
10103,713.0,-519.0,3616.0,5200.0,-3813.0,-2587.0,2,-2026.0
10104,1046.0,-1803.0,5254.0,5008.0,1235.0,4678.0,2,-4516.0
10105,1005.0,-756.0,3625.0,5136.0,-6019.0,1771.0,2,-9060.0
10106,875.0,-640.0,3343.0,5136.0,-6077.0,-525.0,2,-12098.0
10107,1052.0,-60.0,3491.0,5136.0,-450.0,-2576.0,2,8220.0
10108,548.0,-490.0,3296.0,5184.0,-4533.0,-4855.0,2,-4304.0
10109,1161.0,-738.0,5345.0,5104.0,-2621.0,2326.0,2,-14867.0
10110,853.0,465.0,3343.0,5136.0,-980.0,-7.0,2,1991.0
10111,628.0,-424.0,3316.0,5072.0,-3747.0,-4161.0,2,-3879.0
10112,1509.0,-441.0,5366.0,5056.0,427.0,1787.0,2,-1275.0
10113,1105.0,430.0,3561.0,5072.0,1507.0,-313.0,2,6149.0
10114,745.0,-255.0,3357.0,5136.0,-4092.0,-7824.0,2,4818.0
10115,977.0,-328.0,3296.0,5184.0,7853.0,-1365.0,2,16596.0
10116,1217.0,-392.0,4314.0,5184.0,4309.0,1122.0,2,4916.0
10117,1464.0,-695.0,3856.0,5184.0,-5279.0,-1269.0,2,-4915.0
10118,1289.0,-934.0,2717.0,5136.0,3350.0,-1372.0,2,13108.0
10119,925.0,-20.0,4075.0,5136.0,1056.0,-2648.0,2,2451.0
10120,907.0,-161.0,4449.0,5136.0,-3418.0,-7011.0,2,7481.0
10121,1354.0,-641.0,3253.0,5184.0,6122.0,405.0,2,12498.0
10122,786.0,-456.0,3398.0,5056.0,-5900.0,-3719.0,2,-2065.0
10123,1052.0,-805.0,4875.0,5072.0,-2377.0,2930.0,2,-8203.0
10124,1577.0,-1076.0,3981.0,5136.0,9824.0,3848.0,2,4176.0
10125,1135.0,-594.0,4177.0,5136.0,9816.0,6128.0,2,8383.0
10126,57.0,-669.0,2974.0,5024.0,-6127.0,-2657.0,2,-8138.0
10127,1581.0,-765.0,3936.0,5136.0,7743.0,3931.0,2,-705.0
10128,994.0,675.0,3934.0,5072.0,4729.0,1467.0,2,780.0
10129,649.0,-135.0,3720.0,5056.0,-7018.0,-6241.0,2,-865.0
10130,984.0,-1045.0,4000.0,5184.0,-4100.0,-1891.0,2,-5479.0
10131,1159.0,-711.0,2839.0,5200.0,-626.0,-963.0,2,7711.0
10132,931.0,-437.0,4040.0,5184.0,1295.0,1024.0,2,-2467.0
10133,486.0,-247.0,4284.0,5104.0,-8345.0,-5898.0,2,-8603.0
10134,1478.0,-733.0,3193.0,5056.0,-1650.0,107.0,2,-108.0
10135,938.0,-424.0,3591.0,5136.0,-777.0,-137.0,2,-1747.0
10136,1448.0,-308.0,3917.0,5104.0,635.0,1292.0,2,2854.0
10137,1260.0,-484.0,4832.0,5136.0,10303.0,3663.0,2,3997.0
10138,1380.0,-697.0,3692.0,5072.0,-5119.0,1014.0,2,-5452.0
10139,1041.0,-93.0,3517.0,5184.0,-1953.0,-2412.0,2,7078.0
10140,654.0,-206.0,3541.0,5136.0,942.0,-5832.0,2,9615.0
10141,905.0,-196.0,3829.0,5056.0,5626.0,-2302.0,2,17463.0
10142,613.0,-697.0,2987.0,5056.0,-5848.0,-3791.0,2,-4946.0
10143,873.0,-475.0,2962.0,5072.0,3931.0,1900.0,2,4722.0
10144,797.0,108.0,5098.0,5072.0,4600.0,1060.0,2,7345.0
10145,1292.0,-46.0,2415.0,5104.0,-9084.0,-7144.0,2,-498.0
10146,1335.0,-862.0,3529.0,5104.0,7274.0,4241.0,2,3086.0
10147,1637.0,-251.0,2513.0,5024.0,6518.0,1520.0,2,2496.0
10148,819.0,-310.0,2595.0,5072.0,-6139.0,-5144.0,2,-3447.0
10149,1227.0,-488.0,5718.0,5168.0,-3671.0,889.0,2,3872.0
10150,1452.0,431.0,2804.0,5056.0,808.0,337.0,2,9206.0
10151,730.0,-51.0,3747.0,5104.0,168.0,-4213.0,2,725.0
10152,1068.0,-635.0,4101.0,5168.0,-4057.0,-504.0,2,-1613.0
10153,1308.0,-427.0,2638.0,5072.0,2773.0,446.0,2,4592.0
10154,1004.0,-111.0,4091.0,5056.0,253.0,-2314.0,2,3379.0
10155,1011.0,48.0,4069.0,5056.0,-5489.0,-5958.0,2,-5011.0
10156,1335.0,-1196.0,2841.0,5072.0,1908.0,3337.0,2,41.0
10157,441.0,161.0,4927.0,5056.0,3913.0,3161.0,2,6804.0
10158,883.0,-172.0,4004.0,5104.0,-3110.0,-4140.0,2,-9309.0
10159,1368.0,-692.0,2867.0,5008.0,3753.0,2361.0,2,4474.0
10160,1105.0,-2.0,4710.0,5136.0,-18.0,1506.0,2,-2166.0
10161,233.0,-533.0,4030.0,5024.0,-7937.0,-2792.0,2,-20496.0
10162,494.0,295.0,3901.0,4992.0,-1218.0,-1138.0,2,-1679.0
10163,714.0,-751.0,3239.0,5136.0,-5583.0,-4191.0,2,-3332.0
10164,1240.0,-699.0,3147.0,5120.0,4778.0,3421.0,2,986.0
10165,1350.0,-309.0,4336.0,5104.0,6510.0,4728.0,2,5734.0
10166,1434.0,-147.0,3320.0,5104.0,-9347.0,-8326.0,2,1774.0
10167,1014.0,-571.0,2728.0,5072.0,6466.0,1499.0,2,11040.0
10168,1512.0,-26.0,4389.0,5104.0,5480.0,6115.0,2,2839.0
10169,1024.0,-518.0,2585.0,5104.0,-9462.0,-4883.0,2,-6542.0
10170,1464.0,-600.0,2905.0,5104.0,579.0,3996.0,2,-7636.0
10171,1795.0,-474.0,2747.0,5008.0,10141.0,6911.0,2,-173.0
10172,769.0,-641.0,2887.0,4992.0,-7052.0,-5968.0,2,-1518.0
10173,1241.0,-737.0,3322.0,5072.0,325.0,3045.0,2,-7629.0
10174,1696.0,-761.0,3235.0,5056.0,3712.0,8327.0,2,-6661.0
10175,445.0,-574.0,3260.0,5072.0,-3116.0,-3236.0,2,-9570.0
10176,1487.0,-580.0,4600.0,5056.0,6956.0,6254.0,2,115.0
10177,1267.0,306.0,4046.0,5072.0,-1139.0,1436.0,2,-13409.0
10178,331.0,-622.0,3282.0,5024.0,-6004.0,-2878.0,2,-12443.0
10179,1925.0,-899.0,2863.0,5008.0,134.0,3897.0,2,-5269.0
10180,1197.0,-741.0,4118.0,5056.0,312.0,-762.0,2,-3030.0
10181,684.0,-1321.0,2912.0,5072.0,-5860.0,3470.0,2,-10786.0
10182,721.0,-317.0,3885.0,5104.0,735.0,-1767.0,2,3100.0
10183,984.0,-1270.0,3164.0,5024.0,-12756.0,-4380.0,2,-24228.0
10184,3411.0,-1243.0,1887.0,5056.0,-9288.0,-383.0,2,-4688.0
10185,3156.0,-2570.0,1702.0,5072.0,2406.0,-3132.0,2,5686.0
10186,2893.0,-3066.0,1274.0,5104.0,-902.0,2533.0,2,-1091.0
10187,2745.0,-2060.0,860.0,5104.0,-462.0,554.0,2,1050.0
10188,2819.0,-2642.0,697.0,5136.0,-2205.0,2086.0,2,-685.0
10189,2589.0,-666.0,3552.0,5056.0,-2359.0,-3931.0,2,-10998.0
10190,1895.0,-672.0,2984.0,5008.0,1747.0,6744.0,2,-2344.0
10191,1501.0,-128.0,3077.0,5056.0,-8763.0,-4586.0,2,-8612.0
10192,1474.0,-670.0,3434.0,5072.0,4663.0,2005.0,2,6527.0
10193,1125.0,-258.0,2754.0,5008.0,592.0,4005.0,2,-152.0
10194,1940.0,-576.0,2648.0,4944.0,-473.0,3339.0,2,-12241.0
10195,608.0,-580.0,5681.0,5008.0,11756.0,3459.0,2,7828.0
10196,579.0,-969.0,3683.0,5072.0,-8749.0,-2524.0,2,-19430.0
10197,2337.0,-165.0,2404.0,5072.0,-1999.0,-1583.0,2,-6516.0
10198,1872.0,-865.0,2778.0,5024.0,2155.0,5253.0,2,-156.0
10199,1267.0,-975.0,3712.0,4944.0,-6385.0,-1216.0,2,-11082.0
10200,1715.0,-760.0,3442.0,5008.0,8196.0,7225.0,2,9085.0
10201,582.0,-433.0,3434.0,4960.0,-5491.0,-4387.0,2,-5312.0
10202,1329.0,-696.0,2738.0,5056.0,2651.0,3374.0,2,3021.0
10203,1244.0,-369.0,4121.0,5104.0,3630.0,3699.0,2,-1368.0
10204,723.0,-694.0,3528.0,5072.0,-2900.0,-3216.0,2,-16304.0
10205,1272.0,-678.0,3247.0,5072.0,1831.0,2818.0,2,-572.0
10206,825.0,-586.0,3422.0,5104.0,-963.0,-1416.0,2,-2565.0
10207,1051.0,-958.0,4734.0,4960.0,-3590.0,1599.0,2,-9620.0
10208,882.0,-491.0,3798.0,5104.0,102.0,678.0,2,1761.0
10209,709.0,-701.0,3327.0,4992.0,-5247.0,-3024.0,2,-5732.0
10210,1862.0,-527.0,5145.0,5056.0,2200.0,4701.0,2,660.0
10211,1106.0,135.0,3752.0,5008.0,2679.0,1114.0,2,-8035.0
10212,446.0,-390.0,3073.0,5024.0,-4062.0,-1859.0,2,-9797.0
10213,1791.0,-303.0,2615.0,4960.0,-1298.0,2965.0,2,-3029.0
10214,862.0,-716.0,3884.0,4944.0,-961.0,-410.0,2,-3060.0
10215,1759.0,-268.0,5040.0,5008.0,8982.0,8573.0,2,-233.0
10216,728.0,52.0,3897.0,5056.0,-4070.0,-4234.0,2,-5344.0
10217,820.0,-611.0,3123.0,5056.0,-6291.0,-5343.0,2,-4720.0
10218,1500.0,-554.0,3473.0,5008.0,5463.0,5533.0,2,-6417.0
10219,1941.0,-155.0,2655.0,5008.0,3340.0,3304.0,2,-1107.0
10220,785.0,-547.0,3521.0,4992.0,-5091.0,-2631.0,2,-9117.0
10221,1443.0,-601.0,2820.0,4960.0,1221.0,3200.0,2,-6315.0
10222,1188.0,-174.0,4279.0,5024.0,-162.0,1482.0,2,-3157.0
10223,688.0,-1045.0,3724.0,5056.0,-4797.0,3476.0,2,-19589.0
10224,1303.0,-1179.0,2900.0,5008.0,982.0,3077.0,2,-5822.0
10225,904.0,-475.0,3733.0,4928.0,2074.0,133.0,2,-487.0
10226,1607.0,-577.0,4143.0,5024.0,-257.0,21.0,2,-3612.0
10227,1035.0,114.0,3014.0,5024.0,-421.0,-2028.0,2,14143.0
10228,73.0,-534.0,3571.0,4992.0,-2070.0,-1538.0,2,-6978.0
10229,1410.0,-722.0,2644.0,4992.0,-4127.0,736.0,2,-6442.0
10230,716.0,-943.0,3848.0,4896.0,-2796.0,-886.0,2,-5345.0
10231,841.0,-869.0,4110.0,5024.0,6348.0,8438.0,2,-4091.0
10232,774.0,-291.0,3258.0,5024.0,474.0,-304.0,2,-4581.0
10233,828.0,-690.0,3087.0,4960.0,-8127.0,-4565.0,2,-10828.0
10234,1484.0,-713.0,3442.0,4944.0,5868.0,5689.0,2,665.0
10235,1182.0,-455.0,4155.0,4928.0,7627.0,3081.0,2,15042.0
10236,149.0,-585.0,3506.0,4944.0,4704.0,89.0,2,1426.0
10237,842.0,-217.0,3443.0,4928.0,2107.0,-1243.0,2,4906.0
10238,312.0,-321.0,3817.0,4992.0,-518.0,-4156.0,2,3652.0
10239,534.0,722.0,3565.0,5056.0,5086.0,2888.0,2,7761.0
10240,1102.0,-415.0,3731.0,4992.0,-499.0,-407.0,2,1958.0
10241,971.0,-765.0,4236.0,5008.0,432.0,657.0,2,789.0
10242,746.0,-510.0,3362.0,4944.0,-5023.0,-3329.0,2,-11930.0
10243,455.0,-1104.0,3071.0,5008.0,1533.0,-311.0,2,-12050.0
10244,1546.0,173.0,4288.0,5024.0,2585.0,5593.0,2,-9510.0
10245,1150.0,-80.0,3561.0,4960.0,2879.0,1708.0,2,-7321.0
10246,1071.0,-561.0,3108.0,5056.0,-1496.0,-3308.0,2,-1835.0
10247,1182.0,-300.0,4242.0,4896.0,-2861.0,-2805.0,2,-4609.0
10248,1258.0,-629.0,2722.0,4960.0,2677.0,828.0,2,3593.0
10249,1264.0,-271.0,3624.0,4992.0,2273.0,-2874.0,2,3635.0
10250,1019.0,-178.0,3939.0,4928.0,-4928.0,-5828.0,2,-1679.0
10251,1370.0,-836.0,2800.0,5008.0,1366.0,1552.0,2,465.0
10252,1129.0,-583.0,3622.0,4960.0,-7030.0,-2629.0,2,-7908.0
10253,1039.0,-1410.0,4354.0,4944.0,-639.0,880.0,2,-3063.0
10254,690.0,-102.0,3718.0,4992.0,-128.0,-569.0,2,-3661.0
10255,370.0,96.0,3884.0,4960.0,-1038.0,-2894.0,2,1733.0
10256,1031.0,-545.0,3775.0,4960.0,7102.0,-705.0,2,17947.0
10257,1340.0,-1290.0,3019.0,4960.0,-1489.0,-5493.0,2,8404.0
10258,2152.0,-981.0,3509.0,4928.0,500.0,-805.0,2,8413.0
10259,922.0,-396.0,3210.0,4928.0,7084.0,103.0,2,16982.0
10260,606.0,-743.0,3792.0,4928.0,-7052.0,-4108.0,2,-5642.0
10261,1045.0,-147.0,3735.0,4960.0,-4300.0,305.0,2,-9228.0
10262,989.0,-566.0,3629.0,4992.0,8151.0,-149.0,2,16978.0
10263,1244.0,-79.0,3057.0,4944.0,2492.0,-1156.0,2,8486.0
10264,1806.0,-550.0,4733.0,4960.0,1392.0,2103.0,2,3868.0
10265,779.0,-117.0,3957.0,4944.0,1524.0,1740.0,2,-626.0
10266,302.0,-839.0,3417.0,4992.0,-221.0,1336.0,2,-9764.0
10267,1340.0,-118.0,3694.0,4928.0,-2292.0,1403.0,2,-62.0
10268,1722.0,-850.0,3489.0,4896.0,10228.0,7900.0,2,2120.0
10269,244.0,-943.0,3161.0,5008.0,-6526.0,-3108.0,2,-15590.0
10270,1131.0,-1062.0,2933.0,4896.0,2481.0,3203.0,2,-10314.0
10271,1345.0,-482.0,3599.0,4928.0,13421.0,3092.0,2,14765.0
10272,-697.0,-1275.0,3660.0,4928.0,-3840.0,-206.0,2,-16678.0
10273,817.0,-340.0,3618.0,4960.0,-3481.0,-2106.0,2,-6039.0
10274,450.0,-408.0,3243.0,4960.0,-3883.0,-2972.0,2,-7274.0
10275,1477.0,-722.0,4392.0,4928.0,4146.0,4916.0,2,3427.0
10276,1118.0,-109.0,4004.0,4928.0,6068.0,1056.0,2,1972.0
10277,821.0,-276.0,2895.0,4928.0,-4811.0,-2638.0,2,-1966.0
10278,902.0,-678.0,4006.0,4832.0,3626.0,3993.0,2,306.0
10279,1165.0,-756.0,3765.0,4960.0,12927.0,2407.0,2,14180.0
10280,-443.0,-1275.0,3754.0,4880.0,-7462.0,481.0,2,-17484.0
10281,555.0,-153.0,3571.0,4944.0,901.0,4088.0,2,-15207.0
10282,1067.0,-586.0,5287.0,4880.0,11712.0,7138.0,2,-2935.0
10283,456.0,-865.0,3023.0,4960.0,-4641.0,-311.0,2,-5788.0
10284,803.0,-935.0,2894.0,4944.0,2664.0,2087.0,2,-9283.0
10285,1087.0,-219.0,3957.0,4896.0,820.0,1385.0,2,8108.0
10286,498.0,-1117.0,3020.0,4880.0,-10542.0,-4495.0,2,-18512.0
10287,1061.0,-1315.0,2768.0,4928.0,9005.0,3099.0,2,5048.0
10288,1571.0,-421.0,3507.0,4880.0,8983.0,6920.0,2,5588.0
10289,952.0,-201.0,3520.0,4832.0,-6760.0,-5774.0,2,-4164.0
10290,1322.0,-501.0,3337.0,4960.0,720.0,4974.0,2,-10815.0
10291,-63.0,-657.0,3526.0,4944.0,-4191.0,596.0,2,-16552.0
10292,893.0,-1226.0,3385.0,4928.0,-3935.0,4075.0,2,4211.0
10293,987.0,-1390.0,4209.0,4880.0,16257.0,4386.0,2,11887.0
10294,810.0,-243.0,3041.0,4832.0,-11260.0,-9023.0,2,-947.0
10295,1318.0,-1240.0,3036.0,4880.0,8694.0,4222.0,2,5077.0
10296,2236.0,-784.0,3567.0,4896.0,10241.0,10278.0,2,-6140.0
10297,809.0,-453.0,2591.0,4960.0,-10339.0,-6646.0,2,-9631.0
10298,1338.0,-1431.0,4257.0,4880.0,6352.0,4870.0,2,-6389.0
10299,2289.0,-992.0,3214.0,4896.0,7985.0,6667.0,2,-13337.0
10300,887.0,38.0,2467.0,4832.0,-8559.0,-5946.0,2,-4734.0
10301,988.0,-1151.0,3327.0,4880.0,495.0,2147.0,2,-13521.0
10302,276.0,-1087.0,3763.0,4896.0,-3223.0,716.0,2,-20076.0
10303,1646.0,-1544.0,4142.0,4848.0,4490.0,6911.0,2,-3242.0
10304,1628.0,-925.0,3740.0,4880.0,6521.0,2511.0,2,-1477.0
10305,853.0,-220.0,2522.0,4960.0,-7985.0,-4648.0,2,-8276.0
10306,1127.0,-780.0,4348.0,4944.0,2179.0,2110.0,2,-7887.0
10307,1190.0,-821.0,3830.0,4944.0,-2948.0,4226.0,2,-18875.0
10308,767.0,-457.0,3189.0,4944.0,-3603.0,109.0,2,-3827.0
10309,1284.0,-584.0,2392.0,4960.0,6185.0,4516.0,2,5150.0
10310,1727.0,-601.0,3220.0,4896.0,5863.0,1418.0,2,10191.0
10311,835.0,-10.0,2700.0,4880.0,-9806.0,-5819.0,2,-1518.0
10312,1458.0,-1312.0,3658.0,4880.0,12320.0,6322.0,2,-2240.0
10313,1760.0,-237.0,3643.0,4848.0,1891.0,4998.0,2,-12723.0
10314,135.0,-890.0,3109.0,4896.0,-5062.0,-1430.0,2,-12523.0
10315,1239.0,-1028.0,2729.0,4928.0,8362.0,4875.0,2,-6716.0
10316,-289.0,-1000.0,3833.0,4880.0,1532.0,1093.0,2,-20383.0
10317,1009.0,-570.0,4783.0,4896.0,708.0,5445.0,2,-5763.0
10318,1122.0,111.0,2706.0,4832.0,2551.0,-1308.0,2,8479.0
10319,1001.0,-564.0,3243.0,4848.0,614.0,-2261.0,2,251.0
10320,342.0,-1775.0,3235.0,4928.0,-3905.0,941.0,2,-10962.0
10321,857.0,-184.0,2782.0,4880.0,4368.0,-3976.0,2,12874.0
10322,1015.0,-348.0,4594.0,4832.0,5007.0,-2571.0,2,7249.0
10323,921.0,-338.0,4211.0,4832.0,-5254.0,-6550.0,2,-925.0
10324,1282.0,-1361.0,2943.0,4880.0,3145.0,1509.0,2,-6867.0
10325,108.0,-946.0,4134.0,4832.0,-3503.0,439.0,2,-13426.0
10335,1013.0,-72.0,4013.0,4880.0,-2850.0,-4587.0,2,2754.0
10336,952.0,-735.0,3553.0,4816.0,-5507.0,-550.0,2,-8435.0
10337,1072.0,-1301.0,2792.0,4896.0,2488.0,-1112.0,2,7142.0
10338,445.0,-171.0,4866.0,4848.0,-411.0,-2383.0,2,-595.0
10339,610.0,-516.0,3594.0,4832.0,-3904.0,-3264.0,2,-9718.0
10340,1449.0,-599.0,2932.0,4848.0,4329.0,3624.0,2,6496.0
10341,1347.0,-328.0,4370.0,4896.0,4968.0,6078.0,2,2161.0
10342,990.0,-400.0,2728.0,4720.0,-9207.0,-7152.0,2,-1569.0
10343,1138.0,-976.0,3397.0,4896.0,6732.0,5187.0,2,-636.0
10344,1856.0,-817.0,3803.0,4880.0,11947.0,8978.0,2,-2877.0
10345,544.0,-629.0,2601.0,4816.0,-7862.0,-5798.0,2,-6592.0
10346,1529.0,-618.0,4249.0,4816.0,5418.0,6148.0,2,-1785.0
10347,1627.0,-985.0,3815.0,4880.0,7014.0,3685.0,2,-9683.0
10348,297.0,-1076.0,2939.0,4944.0,-2948.0,1844.0,2,-9864.0
10349,1463.0,-767.0,4262.0,4832.0,6222.0,6489.0,2,2002.0
10350,870.0,289.0,4203.0,4848.0,3805.0,1742.0,2,-1552.0
10351,753.0,-153.0,3101.0,4816.0,-4907.0,-5866.0,2,489.0
10352,2234.0,-1371.0,5162.0,4832.0,-5403.0,-448.0,2,5335.0
10353,1594.0,-563.0,4271.0,4848.0,5893.0,-1256.0,2,-1562.0
10354,653.0,-350.0,3520.0,4880.0,-5955.0,-7710.0,2,4885.0
10355,940.0,-444.0,2886.0,4896.0,864.0,-2631.0,2,19038.0
10356,788.0,-229.0,2949.0,4896.0,2386.0,-259.0,2,5318.0
10357,1305.0,-1679.0,4596.0,4848.0,860.0,-1115.0,2,-8145.0
10358,1032.0,-259.0,3566.0,4880.0,-2188.0,-1252.0,2,-5283.0
10359,140.0,-641.0,3889.0,4880.0,-3779.0,-4500.0,2,-4882.0
10360,443.0,-1319.0,5394.0,4832.0,3793.0,-2012.0,2,-13246.0
10361,751.0,-358.0,3061.0,4880.0,-1783.0,-734.0,2,1856.0
10362,592.0,-565.0,3833.0,4896.0,454.0,-402.0,2,122.0
10363,1254.0,-942.0,4195.0,4816.0,-4390.0,2583.0,2,-9570.0
10364,1232.0,-705.0,2851.0,4880.0,1174.0,-2171.0,2,7863.0
10365,421.0,-899.0,3641.0,4832.0,-546.0,-2185.0,2,-4011.0
10366,1172.0,-397.0,3779.0,4832.0,-1761.0,1098.0,2,-3546.0
10367,1944.0,56.0,3439.0,4720.0,-1031.0,4949.0,2,-2462.0
10368,-84.0,-618.0,3615.0,4880.0,-7426.0,-3821.0,2,-10390.0
10369,1371.0,-418.0,2953.0,4832.0,2804.0,3405.0,2,-2140.0
10370,667.0,-63.0,4628.0,4832.0,1173.0,1821.0,2,8702.0
10371,1144.0,-468.0,2899.0,4832.0,-7768.0,-5546.0,2,-1039.0
10372,1984.0,-410.0,3119.0,4784.0,2393.0,2069.0,2,3690.0
10373,1020.0,-891.0,4480.0,4816.0,18459.0,6131.0,2,16861.0
10374,667.0,-214.0,3101.0,4880.0,-9113.0,-9008.0,2,5775.0
10375,1448.0,-827.0,3161.0,4848.0,4490.0,3818.0,2,-4042.0
10376,1879.0,-518.0,3320.0,4816.0,8374.0,8735.0,2,-4477.0
10377,658.0,-647.0,2615.0,4784.0,-7793.0,-6744.0,2,-5405.0
10378,926.0,-731.0,6835.0,4848.0,-223.0,3562.0,2,680.0
10379,638.0,1111.0,3803.0,4832.0,-3586.0,-3799.0,2,-8937.0
10380,695.0,-318.0,2721.0,4880.0,-5368.0,-5863.0,2,-1928.0
10381,1675.0,-766.0,5571.0,4752.0,3328.0,4879.0,2,960.0
10382,903.0,60.0,2993.0,4816.0,3089.0,-35.0,2,15661.0
10383,667.0,-443.0,4250.0,4768.0,-3448.0,-3251.0,2,-2498.0
10384,1483.0,-788.0,4122.0,4816.0,1950.0,157.0,2,-6464.0
10385,1060.0,-571.0,2932.0,4832.0,3617.0,586.0,2,9238.0
10386,730.0,-154.0,4463.0,4784.0,3237.0,518.0,2,8166.0
10387,1098.0,-47.0,4604.0,4880.0,-3325.0,-5082.0,2,-255.0
10388,1752.0,-671.0,3128.0,4816.0,4430.0,2328.0,2,2221.0
10389,1221.0,-536.0,3483.0,4768.0,2027.0,-3099.0,2,5080.0
10390,899.0,-385.0,4560.0,4880.0,-138.0,-5292.0,2,8647.0
10391,637.0,-588.0,3600.0,4768.0,5803.0,-2049.0,2,9522.0
10392,1283.0,-1738.0,2963.0,4720.0,-2963.0,-7222.0,2,12711.0
10393,1679.0,-553.0,3528.0,4832.0,-4795.0,-3496.0,2,-15658.0
10394,491.0,-215.0,5124.0,4816.0,1785.0,-3473.0,2,-1827.0
10395,961.0,-577.0,3637.0,4832.0,-4635.0,-2370.0,2,-5864.0
10396,1373.0,-673.0,2906.0,4752.0,4434.0,2241.0,2,8053.0
10397,1024.0,-460.0,4802.0,4880.0,18191.0,6244.0,2,12213.0
10398,1179.0,-173.0,2861.0,4784.0,-9533.0,-7664.0,2,-1586.0
10399,1639.0,-1349.0,2629.0,4832.0,5972.0,2395.0,2,3312.0
10400,775.0,-216.0,5348.0,4816.0,4862.0,1638.0,2,5000.0
10401,567.0,23.0,3587.0,4816.0,-4385.0,-4095.0,2,-9702.0
10402,69.0,-968.0,3342.0,4784.0,-2014.0,3108.0,2,-15955.0
10403,472.0,-700.0,4518.0,4720.0,64.0,-616.0,2,-10155.0
10404,1073.0,-1536.0,4602.0,4832.0,3102.0,-3339.0,2,-7844.0
10405,1470.0,-891.0,2491.0,4896.0,-611.0,-353.0,2,-141.0
10406,568.0,-123.0,4139.0,4848.0,-1756.0,-2444.0,2,-3028.0
10407,20.0,-770.0,3972.0,4720.0,-4675.0,-1148.0,2,-15918.0
10408,1199.0,-1005.0,2951.0,4752.0,1295.0,1990.0,2,-2690.0
10409,-49.0,-1023.0,3564.0,4816.0,1776.0,1835.0,2,-12644.0
10410,656.0,-589.0,3292.0,4784.0,1656.0,4343.0,2,-4170.0
10411,1515.0,-451.0,2884.0,4816.0,4792.0,5774.0,2,5740.0
10412,771.0,-509.0,3010.0,4720.0,-5993.0,-7095.0,2,569.0
10413,1062.0,-846.0,3676.0,4768.0,2351.0,1875.0,2,1055.0
10414,1323.0,-218.0,3472.0,4896.0,2179.0,1978.0,2,-7850.0
10415,863.0,-260.0,2653.0,4768.0,-5484.0,-5778.0,2,-822.0
10416,1448.0,-520.0,3255.0,4816.0,8728.0,6280.0,2,2919.0
10417,1440.0,-440.0,3475.0,4816.0,5060.0,3523.0,2,-3349.0
10418,701.0,-640.0,2754.0,4784.0,-6706.0,-4727.0,2,-5479.0
10419,1534.0,-631.0,3992.0,4816.0,5329.0,5208.0,2,-5801.0
10420,1801.0,-392.0,3099.0,4672.0,8188.0,6640.0,2,-3264.0
10421,557.0,-812.0,3223.0,4816.0,-6313.0,-4331.0,2,-9948.0
10422,751.0,-798.0,3085.0,4752.0,-1255.0,2779.0,2,-14191.0
10423,384.0,-826.0,4014.0,4832.0,794.0,2200.0,2,-3520.0
10424,639.0,-980.0,3826.0,4784.0,-351.0,-307.0,2,-5957.0
10425,1115.0,-728.0,2590.0,4784.0,-2590.0,-4248.0,2,6941.0
10426,944.0,-52.0,3469.0,4768.0,-1658.0,-3547.0,2,744.0
10427,1586.0,-365.0,5609.0,4784.0,-2135.0,2889.0,2,-2229.0
10428,794.0,-230.0,4116.0,4832.0,7004.0,-1030.0,2,15358.0
10429,816.0,-264.0,3000.0,4832.0,-2891.0,-8419.0,2,9474.0
10430,1251.0,-630.0,3342.0,4832.0,334.0,-1501.0,2,2895.0
10431,824.0,-660.0,3041.0,4768.0,3615.0,1248.0,2,10478.0
10432,1255.0,-771.0,5372.0,4720.0,655.0,-1079.0,2,-3185.0
10433,1233.0,-335.0,3646.0,4720.0,-1413.0,-2145.0,2,9940.0
10434,800.0,-720.0,4394.0,4768.0,4521.0,2660.0,2,-3452.0
10435,556.0,-146.0,4282.0,4672.0,-4187.0,-4639.0,2,4404.0
10436,993.0,-655.0,3201.0,4816.0,-1863.0,-3114.0,2,11558.0
10437,298.0,612.0,3933.0,4752.0,2756.0,1099.0,2,9601.0
10438,140.0,-788.0,3262.0,4848.0,-4058.0,-2419.0,2,-7889.0
10439,1076.0,-598.0,2919.0,4784.0,3406.0,1730.0,2,1323.0
10440,1735.0,-828.0,4181.0,4784.0,9018.0,7748.0,2,10289.0
10441,783.0,-685.0,2839.0,4784.0,-9112.0,-4664.0,2,-5362.0
10442,1207.0,-736.0,3246.0,4720.0,8986.0,6925.0,2,2113.0
10443,1319.0,-1046.0,3337.0,4752.0,3238.0,3727.0,2,-3362.0
10444,196.0,-649.0,3298.0,4704.0,-9162.0,-4715.0,2,-19324.0
10445,1288.0,-513.0,3301.0,4784.0,1885.0,2769.0,2,-7382.0
10446,1645.0,-517.0,3074.0,4768.0,5186.0,6965.0,2,2851.0
10447,783.0,-823.0,2889.0,4720.0,-8334.0,-2960.0,2,-12400.0
10448,2016.0,-1300.0,3363.0,4816.0,12988.0,7906.0,2,3242.0
10449,1847.0,-699.0,4963.0,4656.0,2768.0,4726.0,2,-3525.0
10450,-619.0,-762.0,3582.0,4768.0,-4481.0,685.0,2,-19545.0
10451,590.0,-274.0,3750.0,4784.0,-9087.0,-6847.0,2,-1142.0
10452,682.0,-1355.0,2725.0,4752.0,-6503.0,-4848.0,2,-956.0
10453,1568.0,-1116.0,3746.0,4752.0,6880.0,3789.0,2,-708.0
10454,1755.0,-227.0,3810.0,4720.0,4910.0,5145.0,2,-8786.0
10455,975.0,-279.0,2450.0,4672.0,-3467.0,-2560.0,2,-3563.0
10456,1825.0,-1136.0,4502.0,4720.0,5721.0,6322.0,2,-4876.0
10457,578.0,127.0,4129.0,4752.0,7602.0,3018.0,2,-2869.0
10458,676.0,-475.0,2735.0,4720.0,-6038.0,-4843.0,2,-9000.0
10459,1709.0,-550.0,4630.0,4704.0,4267.0,4659.0,2,-1182.0
10460,935.0,319.0,3922.0,4720.0,5168.0,543.0,2,-5462.0
10461,5.0,-1209.0,3568.0,4752.0,-3209.0,-866.0,2,-17390.0
10462,451.0,-829.0,3381.0,4768.0,-5149.0,7920.0,2,-14301.0
10463,331.0,49.0,3989.0,4720.0,-5176.0,-6495.0,2,1721.0
10464,630.0,-839.0,3108.0,4704.0,-6356.0,-3404.0,2,-6817.0
10465,1418.0,-1070.0,3286.0,4752.0,4239.0,4923.0,2,-2384.0
10466,884.0,-43.0,3796.0,4768.0,953.0,3216.0,2,-12631.0
10467,-203.0,-246.0,3542.0,4752.0,-1682.0,-6807.0,2,-7790.0
10468,1073.0,-1142.0,5150.0,4768.0,-6219.0,5467.0,2,-10110.0
10469,459.0,-576.0,3296.0,4720.0,8695.0,-3993.0,2,11733.0
10470,566.0,-136.0,3896.0,4656.0,-3911.0,-4890.0,2,-3140.0
10471,1539.0,-793.0,4224.0,4768.0,114.0,-1067.0,2,-5759.0
10472,1053.0,-695.0,2973.0,4704.0,8715.0,3046.0,2,15198.0
10473,524.0,-743.0,3556.0,4720.0,-4404.0,-1907.0,2,1548.0
10474,1525.0,-1151.0,3524.0,4768.0,-3156.0,-1644.0,2,-6277.0
10475,848.0,-435.0,2859.0,4768.0,-1744.0,-6270.0,2,16444.0
10476,657.0,-96.0,3814.0,4816.0,-2817.0,-4580.0,2,711.0
10477,1216.0,-450.0,4561.0,4752.0,-4661.0,-2692.0,2,-721.0
10478,1491.0,-334.0,2868.0,4768.0,4941.0,1367.0,2,16589.0
10479,1105.0,-286.0,3953.0,4720.0,2102.0,-825.0,2,4848.0
10480,1120.0,-621.0,4268.0,4720.0,-7314.0,-3400.0,2,-6956.0
10481,1230.0,-800.0,2744.0,4704.0,2494.0,370.0,2,8194.0
10482,665.0,-575.0,3748.0,4752.0,-1294.0,-1473.0,2,-3039.0
10483,-75.0,-899.0,3986.0,4784.0,-3285.0,6326.0,2,-14222.0
10484,521.0,486.0,3781.0,4784.0,-2961.0,-925.0,2,-1600.0
10485,612.0,-484.0,3274.0,4720.0,-4146.0,-5713.0,2,-3693.0
10486,1729.0,-955.0,5552.0,4768.0,4946.0,5472.0,2,3012.0
10487,931.0,359.0,3739.0,4816.0,-1028.0,-670.0,2,269.0
10488,600.0,-526.0,3487.0,4720.0,-1062.0,-4086.0,2,-7577.0
10489,1586.0,-684.0,5732.0,4720.0,7415.0,8052.0,2,6511.0
10490,1096.0,189.0,2989.0,4720.0,2343.0,-96.0,2,11251.0
10564,1645.0,147.0,3614.0,4896.0,9159.0,6103.0,2,1610.0
10565,1513.0,4.0,4273.0,4784.0,-11740.0,-4958.0,2,-9932.0
10566,763.0,-985.0,3075.0,4832.0,-5686.0,-3520.0,2,-14080.0
10567,1618.0,-363.0,4480.0,4880.0,11025.0,9667.0,2,4857.0
10568,937.0,531.0,3844.0,4896.0,-1529.0,-1551.0,2,-3240.0
10569,763.0,-587.0,2969.0,4880.0,-3762.0,-3990.0,2,-3444.0
10680,-3355.0,-2170.0,-701.0,3904.0,-1420.0,-727.0,2,159.0
10681,-3072.0,-3051.0,208.0,3824.0,-334.0,3753.0,2,-1100.0
10682,-3424.0,-2276.0,-430.0,3904.0,43.0,-851.0,2,-1146.0
10683,-3290.0,-2600.0,-294.0,3936.0,-1131.0,-336.0,2,-1410.0
10684,-3009.0,-1999.0,-1642.0,3904.0,-9439.0,-6934.0,2,-5886.0
10685,-3554.0,22.0,-984.0,3936.0,-1465.0,-664.0,2,-5205.0
10686,-3597.0,999.0,-2394.0,3888.0,774.0,8854.0,2,11948.0
10687,-1752.0,3100.0,-2505.0,3936.0,-673.0,-611.0,2,-76.0
10688,-1998.0,2890.0,-2310.0,4000.0,-364.0,-841.0,2,-583.0
10689,-1528.0,3258.0,-2112.0,3888.0,-733.0,1197.0,2,2860.0
10690,-2354.0,2733.0,-3406.0,3936.0,2659.0,-20457.0,2,-14751.0
10691,-2778.0,2526.0,-2060.0,3824.0,-270.0,-542.0,2,1207.0
10692,-2590.0,2652.0,-1812.0,4000.0,-5600.0,2540.0,2,-2003.0
10693,-6261.0,1593.0,6173.0,4000.0,1246.0,4256.0,2,8161.0
10694,-3782.0,1268.0,-1314.0,4048.0,-202.0,-1012.0,2,-2107.0
10695,-3816.0,1004.0,-1561.0,3936.0,879.0,1089.0,2,-1783.0
10696,-4046.0,712.0,-1439.0,4000.0,-962.0,-134.0,2,-7551.0
10697,-4362.0,897.0,-1672.0,3968.0,8414.0,-705.0,2,-10495.0
10698,-3805.0,168.0,-1452.0,3936.0,-1259.0,4946.0,2,-519.0
10699,-3066.0,-210.0,-1762.0,4016.0,-7258.0,3181.0,2,6575.0
10700,-3726.0,-997.0,-1842.0,4000.0,-153.0,-2371.0,2,-4052.0
10701,-3639.0,-1527.0,-1453.0,4000.0,1178.0,-382.0,2,-634.0
10702,-3462.0,-418.0,408.0,3936.0,-10275.0,-11874.0,2,5797.0
10703,-3891.0,-1054.0,782.0,4048.0,-3629.0,3680.0,2,4913.0
10704,-3627.0,929.0,-367.0,3952.0,4322.0,-1286.0,2,3786.0
10705,-3187.0,2291.0,-429.0,3968.0,1291.0,-2439.0,2,1247.0
10706,-2673.0,3184.0,-301.0,4048.0,-1283.0,2020.0,2,984.0
10707,-3533.0,2802.0,-1670.0,4000.0,-758.0,-5961.0,2,2456.0
10708,-2603.0,3527.0,-649.0,4048.0,2997.0,-2340.0,2,-1275.0
10709,-2356.0,3331.0,-141.0,4016.0,-2562.0,-1326.0,2,3013.0
10710,-3452.0,3205.0,-288.0,4016.0,811.0,9113.0,2,960.0
10711,-2806.0,3156.0,-420.0,4000.0,1886.0,-3012.0,2,-99.0
10712,-2054.0,3739.0,1475.0,4048.0,-6984.0,3232.0,2,-341.0
10713,-4350.0,-495.0,-168.0,3968.0,1816.0,-3917.0,2,-7572.0
10714,-3608.0,-963.0,-382.0,4016.0,717.0,9664.0,2,11954.0
10715,-3379.0,-3018.0,470.0,3968.0,2632.0,6752.0,2,18719.0
10716,-3314.0,-2191.0,39.0,4080.0,-49.0,-2201.0,2,3642.0
10717,-4168.0,112.0,408.0,4064.0,-15389.0,-12404.0,2,12660.0
10718,-3042.0,3327.0,-153.0,4064.0,-996.0,-214.0,2,1061.0
10719,-969.0,1131.0,1584.0,4064.0,-12886.0,-32768.0,2,30500.0
10720,3823.0,-1973.0,-32.0,4224.0,814.0,785.0,2,15.0
10721,114.0,-1981.0,4480.0,4176.0,12813.0,-1980.0,2,18690.0
10722,1522.0,-1165.0,3275.0,4240.0,108.0,-3294.0,2,14317.0
10723,1207.0,-1444.0,3855.0,4176.0,4341.0,2115.0,2,3324.0
10724,837.0,-1211.0,4389.0,4144.0,-3908.0,2719.0,2,-4585.0
10725,658.0,284.0,3571.0,4192.0,1900.0,-1728.0,2,-6321.0
10726,353.0,-1126.0,3169.0,4224.0,-5448.0,-503.0,2,-12512.0
10727,1480.0,-1338.0,3270.0,4176.0,5616.0,4725.0,2,-2772.0
10728,1068.0,-1180.0,4620.0,4176.0,3885.0,1625.0,2,3710.0
10729,-52.0,-1638.0,3904.0,4176.0,-489.0,1473.0,2,-14847.0
10730,739.0,-1416.0,2843.0,4144.0,-2140.0,1997.0,2,-4126.0
10731,-295.0,-1286.0,3544.0,4176.0,-2665.0,2602.0,2,-10853.0
10732,903.0,-1101.0,3308.0,4144.0,3863.0,2000.0,2,-7935.0
10733,820.0,-606.0,3840.0,4144.0,-2583.0,-829.0,2,-3798.0
10734,699.0,-1481.0,3767.0,4224.0,-3550.0,983.0,2,-3164.0
10735,756.0,-1223.0,2987.0,4144.0,4446.0,-4371.0,2,17126.0
10736,710.0,-838.0,3665.0,4176.0,-1802.0,-1462.0,2,-458.0
10737,1140.0,-1123.0,5369.0,4192.0,4782.0,1831.0,2,4965.0
10738,1181.0,-923.0,3512.0,4240.0,2728.0,3143.0,2,-6841.0
10739,650.0,-891.0,3097.0,4288.0,-5328.0,-361.0,2,-8528.0
10740,1144.0,-1156.0,3076.0,4192.0,4742.0,766.0,2,3919.0
10741,1104.0,-1100.0,3529.0,4112.0,2684.0,286.0,2,-2320.0
10742,1153.0,-789.0,3654.0,4224.0,-4095.0,558.0,2,-10574.0
10743,846.0,-498.0,3562.0,4144.0,-1531.0,-4454.0,2,14005.0
10744,392.0,-993.0,3044.0,4256.0,-4525.0,-505.0,2,-15851.0
10745,1272.0,-1047.0,3231.0,4144.0,5497.0,3682.0,2,-1866.0
10746,932.0,-1280.0,4915.0,4256.0,486.0,4595.0,2,-3644.0
10747,225.0,-1325.0,3917.0,4192.0,4343.0,2512.0,2,-10793.0
10748,499.0,-1007.0,3637.0,4320.0,-4460.0,2927.0,2,-9943.0
10749,222.0,-1353.0,3333.0,4256.0,4264.0,410.0,2,-5378.0
10750,785.0,-978.0,2821.0,4176.0,1707.0,114.0,2,833.0
10751,772.0,-952.0,3453.0,4240.0,-3378.0,-2909.0,2,3449.0
10752,1302.0,-1225.0,4460.0,4288.0,4831.0,1617.0,2,10858.0
10753,1532.0,-1095.0,3228.0,4256.0,3320.0,124.0,2,948.0
10754,634.0,-1104.0,3123.0,4288.0,-5656.0,-185.0,2,-8920.0
10755,1064.0,-939.0,3074.0,4288.0,3013.0,870.0,2,-609.0
10756,963.0,-969.0,3867.0,4224.0,2504.0,34.0,2,-497.0
10757,1381.0,-1447.0,3995.0,4192.0,1.0,165.0,2,2943.0
10758,947.0,-348.0,3624.0,4224.0,1927.0,-1586.0,2,11430.0
10759,631.0,-862.0,3230.0,4192.0,-5202.0,-2889.0,2,-3593.0
10760,1312.0,-1360.0,3214.0,4240.0,7210.0,1735.0,2,-2931.0
10761,1149.0,-797.0,3548.0,4144.0,1476.0,2357.0,2,6461.0
10762,814.0,-1078.0,4125.0,4240.0,-4669.0,-3577.0,2,-4618.0
10763,835.0,-1466.0,2871.0,4224.0,2464.0,-1617.0,2,9028.0
10764,531.0,-1049.0,3442.0,4192.0,-3177.0,-327.0,2,-4217.0
10765,697.0,-1042.0,4704.0,4224.0,-143.0,2452.0,2,2248.0
10766,671.0,-371.0,3899.0,4144.0,656.0,-173.0,2,-2236.0
10767,523.0,-697.0,3019.0,4224.0,-1537.0,-825.0,2,-4843.0
10768,1014.0,-1045.0,3044.0,4224.0,3886.0,324.0,2,1998.0
10769,673.0,-755.0,3653.0,4176.0,1013.0,-3973.0,2,3856.0
10770,687.0,-1098.0,3538.0,4288.0,9008.0,-2274.0,2,16388.0
10771,833.0,-954.0,3440.0,4176.0,-2111.0,1441.0,2,-4628.0
10772,1111.0,-1065.0,3571.0,4240.0,5122.0,1419.0,2,1891.0
10773,1179.0,-1136.0,4386.0,4240.0,6499.0,2550.0,2,6698.0
10774,847.0,-1085.0,3667.0,4288.0,-3877.0,-2276.0,2,-5055.0
10775,977.0,-1069.0,2764.0,4256.0,2431.0,-2021.0,2,5490.0
10776,544.0,-934.0,3843.0,4256.0,-3106.0,-1219.0,2,-1295.0
10777,1191.0,-1765.0,4124.0,4288.0,-455.0,289.0,2,4720.0
10778,1000.0,-274.0,3763.0,4256.0,-1096.0,-2880.0,2,4112.0
10779,612.0,-802.0,3024.0,4224.0,-3448.0,-3591.0,2,-147.0
10780,799.0,-1044.0,4009.0,4288.0,3955.0,883.0,2,8336.0
10781,1267.0,-1471.0,2747.0,4192.0,8759.0,1853.0,2,4901.0
10782,699.0,-731.0,3452.0,4304.0,-8320.0,-249.0,2,-6025.0
10783,1004.0,-948.0,2878.0,4224.0,4280.0,-937.0,2,3873.0
10784,726.0,-972.0,3572.0,4224.0,-804.0,-1857.0,2,-471.0
10785,999.0,-1249.0,4312.0,4224.0,1638.0,897.0,2,2561.0
10786,692.0,-719.0,3758.0,4240.0,1538.0,-2941.0,2,9107.0
10787,737.0,-1251.0,3637.0,4192.0,5620.0,-2087.0,2,16257.0
10788,1083.0,-939.0,4602.0,4176.0,5078.0,-1066.0,2,9382.0
10789,807.0,-973.0,3862.0,4320.0,-3402.0,83.0,2,-8061.0
10790,948.0,-854.0,3180.0,4288.0,1062.0,-4318.0,2,14391.0
10791,970.0,-613.0,3551.0,4240.0,-547.0,-2276.0,2,6374.0
10792,1778.0,-986.0,5124.0,4224.0,4310.0,1737.0,2,8831.0
10793,765.0,-14.0,3756.0,4256.0,-1531.0,-2403.0,2,-1815.0
10794,40.0,-944.0,3402.0,4304.0,-387.0,1694.0,2,-10437.0
10795,620.0,-516.0,3521.0,4240.0,-380.0,2628.0,2,-7932.0
10796,799.0,-741.0,4427.0,4192.0,1590.0,-2349.0,2,1908.0
10797,849.0,-1424.0,3836.0,4368.0,-2529.0,-2071.0,2,-13.0
10798,901.0,-1178.0,3039.0,4352.0,571.0,-809.0,2,9286.0
10799,-36.0,-1068.0,3672.0,4320.0,-3215.0,-480.0,2,-9669.0
10800,927.0,-957.0,3653.0,4288.0,364.0,5737.0,2,-10280.0
10801,-470.0,-1086.0,3892.0,4256.0,-1345.0,652.0,2,-17236.0
10802,1116.0,-977.0,3129.0,4288.0,983.0,5890.0,2,-2674.0
10803,1147.0,-1549.0,3833.0,4224.0,5262.0,-1235.0,2,13054.0
10804,294.0,-1153.0,4017.0,4176.0,-3970.0,-2454.0,2,-9131.0
10805,1030.0,-1172.0,2968.0,4240.0,-663.0,305.0,2,-1719.0
10806,804.0,-707.0,3599.0,4304.0,4629.0,-2068.0,2,8567.0
10807,1550.0,-1843.0,5378.0,4192.0,9621.0,1547.0,2,14676.0
10808,713.0,-254.0,4121.0,4320.0,4262.0,-2886.0,2,3509.0
10809,661.0,-1112.0,3247.0,4240.0,-8478.0,-2677.0,2,-6974.0
10810,1260.0,-1320.0,3024.0,4288.0,11824.0,5352.0,2,-3128.0
10811,182.0,-787.0,4004.0,4304.0,-5239.0,900.0,2,-10064.0
10812,238.0,-1414.0,3996.0,4288.0,2946.0,-729.0,2,-4666.0
10813,444.0,-524.0,3390.0,4192.0,-1397.0,-933.0,2,874.0
10814,748.0,-988.0,3487.0,4192.0,-5101.0,-3578.0,2,2382.0
10815,1052.0,-1056.0,3847.0,4224.0,10939.0,1878.0,2,5579.0
10816,955.0,-866.0,3587.0,4240.0,-6809.0,-3744.0,2,6161.0
10817,919.0,-1305.0,3836.0,4288.0,1171.0,382.0,2,-3582.0
10818,902.0,-220.0,3844.0,4224.0,-909.0,-286.0,2,1878.0
10819,604.0,-1280.0,3521.0,4192.0,-4274.0,150.0,2,-3880.0
10820,382.0,-1353.0,3878.0,4288.0,10856.0,-10615.0,2,32258.0
10821,495.0,-1317.0,3519.0,4240.0,5586.0,944.0,2,10789.0
10822,637.0,-889.0,2770.0,4256.0,-4184.0,3456.0,2,-5310.0
10823,876.0,-912.0,5021.0,4320.0,-4694.0,-3077.0,2,6267.0
10824,856.0,-1977.0,4221.0,4256.0,3411.0,-2217.0,2,7096.0
10825,704.0,-918.0,3311.0,4256.0,4385.0,-4349.0,2,21336.0
10826,826.0,-500.0,3295.0,4288.0,-4522.0,-1820.0,2,2607.0
10827,1568.0,-1262.0,3658.0,4304.0,3831.0,2361.0,2,3872.0
10828,894.0,-1309.0,3967.0,4288.0,-2377.0,5530.0,2,-17396.0
10829,79.0,-1252.0,3043.0,4256.0,-4249.0,2956.0,2,-15974.0
10830,1029.0,-839.0,2931.0,4320.0,-54.0,-2012.0,2,109.0
10831,544.0,-836.0,4234.0,4256.0,7478.0,-855.0,2,20011.0
10832,159.0,-1361.0,4002.0,4304.0,-6790.0,2600.0,2,-18790.0
10833,878.0,-541.0,3224.0,4240.0,2471.0,806.0,2,6919.0
10834,333.0,-430.0,3644.0,4320.0,-658.0,-4513.0,2,5929.0
10835,291.0,-1391.0,3248.0,4240.0,9623.0,-6113.0,2,22695.0
10836,664.0,-1886.0,3263.0,4320.0,-5000.0,-636.0,2,-1921.0
10837,1024.0,-1106.0,3693.0,4192.0,-2355.0,1345.0,2,-3939.0
10838,1174.0,-1629.0,4569.0,4288.0,5271.0,-2560.0,2,6255.0
10839,-187.0,-1234.0,3518.0,4224.0,-592.0,1495.0,2,-10390.0
10840,642.0,-1666.0,2840.0,4288.0,-5353.0,-1687.0,2,5326.0
10841,843.0,-608.0,3602.0,4144.0,651.0,-4963.0,2,10431.0
10842,1122.0,-1447.0,5422.0,4304.0,2886.0,-612.0,2,11702.0
10843,779.0,-397.0,3674.0,4240.0,1671.0,-4728.0,2,11040.0
10844,450.0,-683.0,3316.0,4288.0,-4958.0,-1816.0,2,-7973.0
10845,356.0,-1055.0,3426.0,4288.0,695.0,4041.0,2,-9804.0
10846,2.0,-795.0,5045.0,4240.0,750.0,-3211.0,2,7151.0
10847,407.0,-1019.0,3885.0,4256.0,-2965.0,-3829.0,2,-5940.0
10848,836.0,-1037.0,3101.0,4256.0,3439.0,-554.0,2,4000.0
10849,265.0,-853.0,3903.0,4192.0,-6361.0,-3757.0,2,2179.0
10850,436.0,-1324.0,3640.0,4240.0,4377.0,-6338.0,2,18218.0
10851,442.0,-1438.0,3553.0,4224.0,3915.0,-1332.0,2,13790.0
10852,1350.0,-894.0,3469.0,4288.0,1024.0,1864.0,2,-333.0
10853,1109.0,-1194.0,3532.0,4224.0,4906.0,1424.0,2,4015.0
10854,327.0,-1144.0,3283.0,4256.0,-5942.0,-221.0,2,-10134.0
10855,1010.0,-1234.0,2935.0,4240.0,3926.0,2373.0,2,-930.0
10856,962.0,-751.0,4683.0,4320.0,568.0,-87.0,2,6243.0
10857,829.0,-1091.0,3358.0,4288.0,-6217.0,-2733.0,2,-5187.0
10858,835.0,-981.0,2785.0,4256.0,4148.0,-943.0,2,5169.0
10859,806.0,-894.0,4449.0,4240.0,-4456.0,-1426.0,2,-1949.0
10860,575.0,-1109.0,3411.0,4224.0,-2664.0,3004.0,2,-8511.0
10861,1017.0,-448.0,3375.0,4144.0,-10376.0,-3128.0,2,1.0
10862,364.0,-661.0,3476.0,4192.0,3600.0,-2384.0,2,9847.0
10863,1381.0,-1072.0,3856.0,4352.0,2236.0,3538.0,2,-743.0
10864,1197.0,-1583.0,2888.0,4256.0,-1194.0,6673.0,2,-18262.0
10865,-392.0,-1683.0,3564.0,4304.0,-959.0,1881.0,2,-13186.0
10866,1039.0,-628.0,3238.0,4352.0,-1425.0,144.0,2,-2570.0
10867,774.0,-1073.0,2968.0,4288.0,-1850.0,333.0,2,-5621.0
10868,1269.0,-1259.0,2587.0,4176.0,6318.0,5027.0,2,-5577.0
10869,429.0,-809.0,4736.0,4240.0,-3970.0,-1674.0,2,-3599.0
10870,648.0,-906.0,4498.0,4240.0,-3212.0,-2494.0,2,-3237.0
10871,846.0,-1265.0,2607.0,4240.0,-2145.0,-3413.0,2,9223.0
10872,228.0,-1231.0,3975.0,4192.0,-2258.0,-796.0,2,-3846.0
10873,959.0,-1693.0,3981.0,4240.0,789.0,593.0,2,-2388.0
10874,1058.0,-527.0,2961.0,4288.0,-2883.0,-2959.0,2,8660.0
10875,340.0,-970.0,3418.0,4352.0,-4108.0,-2159.0,2,-9636.0
10876,1041.0,-1205.0,3335.0,4304.0,516.0,9308.0,2,-17208.0
10877,391.0,-1171.0,3843.0,4176.0,-3642.0,947.0,2,-9547.0
10878,852.0,-1211.0,3750.0,4288.0,3421.0,56.0,2,-2571.0
10879,866.0,-456.0,2996.0,4240.0,-287.0,-1726.0,2,9181.0
10880,663.0,-919.0,4512.0,4288.0,-1701.0,-1941.0,2,-3018.0
10881,946.0,-1255.0,3904.0,4240.0,-1310.0,-1330.0,2,-3866.0
10882,882.0,-930.0,2682.0,4304.0,-1506.0,-2566.0,2,13215.0
10883,214.0,-1333.0,3778.0,4352.0,-5669.0,958.0,2,-7766.0
10884,1392.0,-1763.0,4005.0,4304.0,-1357.0,3399.0,2,-1330.0
10885,1331.0,-1480.0,3254.0,4288.0,6996.0,-6199.0,2,5436.0
10886,252.0,-306.0,3706.0,4240.0,3627.0,164.0,2,7162.0
10887,1563.0,-877.0,3164.0,4240.0,-827.0,246.0,2,4432.0
10888,353.0,-949.0,3821.0,4288.0,3291.0,-3021.0,2,15423.0
10889,1121.0,-775.0,3653.0,4240.0,-5605.0,694.0,2,-535.0
10890,734.0,-1018.0,3084.0,4240.0,519.0,-1880.0,2,5081.0
10891,169.0,-1542.0,3904.0,4240.0,-4707.0,-5918.0,2,11086.0
10892,774.0,-899.0,3630.0,4192.0,4902.0,-2341.0,2,6286.0
10893,1123.0,-426.0,3801.0,4224.0,-2812.0,4835.0,2,-7125.0
10894,1056.0,-647.0,3995.0,4256.0,1111.0,-2500.0,2,-78.0
10895,1537.0,-852.0,4207.0,4256.0,-5015.0,978.0,2,-5152.0
10896,732.0,-978.0,3343.0,4224.0,1526.0,-5093.0,2,18000.0
10897,784.0,-859.0,2937.0,4192.0,-5329.0,-2276.0,2,-975.0
10898,953.0,-1378.0,4029.0,4288.0,5314.0,1833.0,2,-1467.0
10899,1338.0,-1034.0,3407.0,4288.0,4723.0,3634.0,2,-489.0
10900,741.0,-900.0,2937.0,4240.0,-7150.0,-947.0,2,-7515.0
10901,1304.0,-1305.0,3005.0,4304.0,5669.0,2433.0,2,-1571.0
10902,868.0,-1323.0,4484.0,4288.0,-2098.0,1162.0,2,-4514.0
10903,158.0,-1333.0,3856.0,4256.0,-6204.0,2091.0,2,-14849.0
10904,488.0,-1004.0,3623.0,4192.0,-8300.0,1607.0,2,-13980.0
10905,689.0,-1410.0,3155.0,4224.0,-1821.0,-275.0,2,-8372.0
10906,929.0,-884.0,2916.0,4224.0,1842.0,768.0,2,1146.0
10907,803.0,-706.0,4342.0,4256.0,-2019.0,-1758.0,2,479.0
10908,764.0,-1032.0,3874.0,4192.0,-4311.0,-820.0,2,-10734.0
10909,1048.0,-1118.0,3111.0,4192.0,-1014.0,-208.0,2,3341.0
10910,488.0,-992.0,4005.0,4192.0,-2837.0,-2817.0,2,-5495.0
10911,1324.0,-1737.0,5268.0,4240.0,5048.0,2439.0,2,1128.0
10912,854.0,-68.0,3698.0,4304.0,-1180.0,-1464.0,2,-1513.0
10913,871.0,-811.0,3192.0,4192.0,-3952.0,-4989.0,2,3143.0
10914,1164.0,-1088.0,3344.0,4256.0,5917.0,-733.0,2,9237.0
10915,1582.0,-960.0,2989.0,4128.0,2111.0,602.0,2,4914.0
10916,989.0,-957.0,3136.0,4144.0,-6762.0,-2623.0,2,351.0
10917,1118.0,-1069.0,2881.0,4224.0,4673.0,106.0,2,5554.0
10918,340.0,-163.0,4214.0,4256.0,2629.0,-5296.0,2,10484.0
10919,996.0,-657.0,3617.0,4224.0,1091.0,285.0,2,9284.0
10920,731.0,-1201.0,5094.0,4224.0,6806.0,-3281.0,2,10174.0
10921,1046.0,-1495.0,3541.0,4352.0,-2645.0,2732.0,2,-6417.0
10922,1004.0,-173.0,3848.0,4192.0,-5879.0,-3109.0,2,2820.0
10923,787.0,-707.0,3192.0,4192.0,-5294.0,-4966.0,2,2121.0
10924,1130.0,-1113.0,3549.0,4240.0,7327.0,1452.0,2,6547.0
10925,839.0,-1075.0,5010.0,4256.0,11049.0,-761.0,2,13125.0
10926,806.0,-937.0,3902.0,4288.0,-8971.0,-5244.0,2,-378.0
10927,1187.0,-1430.0,2762.0,4256.0,-724.0,-674.0,2,6616.0
10928,663.0,-892.0,3634.0,4240.0,-4680.0,-1609.0,2,-2146.0
10929,1076.0,-1545.0,4078.0,4176.0,1380.0,4510.0,2,-3674.0
10930,51.0,-1253.0,3679.0,4128.0,-1301.0,1722.0,2,-15460.0
10931,640.0,-975.0,3509.0,4176.0,-1281.0,3398.0,2,-10098.0
10932,763.0,-948.0,4750.0,4176.0,5785.0,-338.0,2,4687.0
10933,837.0,-1383.0,3592.0,4256.0,-3332.0,437.0,2,-8151.0
10934,953.0,-1178.0,2987.0,4224.0,931.0,-597.0,2,3930.0
10935,-156.0,-895.0,3753.0,4288.0,-5122.0,-621.0,2,-12284.0
10936,1139.0,-709.0,3607.0,4288.0,1463.0,4655.0,2,-4267.0
10937,1071.0,-496.0,3604.0,4256.0,-1138.0,-916.0,2,890.0
10938,973.0,-934.0,3016.0,4240.0,-2019.0,-1463.0,2,-5567.0
10939,902.0,-499.0,3589.0,4192.0,8077.0,1705.0,2,6788.0
10940,343.0,-61.0,3947.0,4112.0,-6178.0,-2171.0,2,-2376.0
10941,312.0,-237.0,3841.0,4240.0,4562.0,1010.0,2,1458.0
10942,305.0,58.0,3920.0,4224.0,1056.0,-311.0,2,3835.0
10943,119.0,-499.0,4069.0,4256.0,-7167.0,-2644.0,2,-3884.0
10944,322.0,-534.0,4044.0,4224.0,10344.0,2880.0,2,8.0
10945,-188.0,208.0,4009.0,4192.0,-575.0,851.0,2,1260.0
10946,134.0,-543.0,4139.0,4176.0,-8250.0,-1490.0,2,-1195.0
10947,-23.0,512.0,3856.0,4240.0,6565.0,1068.0,2,6824.0
10948,-150.0,195.0,3900.0,4224.0,-3235.0,-1705.0,2,2390.0
10949,417.0,252.0,3607.0,4224.0,844.0,745.0,2,-647.0
10950,187.0,-370.0,3719.0,4240.0,4135.0,431.0,2,1819.0
10951,173.0,450.0,3675.0,4240.0,875.0,614.0,2,-891.0
10952,182.0,127.0,4260.0,4144.0,-5202.0,-1234.0,2,733.0
10953,123.0,-301.0,3986.0,4240.0,-8877.0,-3345.0,2,-1150.0
10954,360.0,-286.0,4118.0,4192.0,10242.0,1613.0,2,1416.0
10955,-86.0,-2.0,3881.0,4176.0,-4988.0,-1546.0,2,866.0
10956,248.0,-832.0,3517.0,4176.0,-2156.0,542.0,2,-3251.0
10957,10.0,-289.0,3854.0,4224.0,6756.0,-1088.0,2,1440.0
10958,-23.0,-172.0,4113.0,4224.0,-7288.0,-2245.0,2,-608.0
10959,591.0,-254.0,3707.0,4240.0,-2623.0,138.0,2,-1950.0
10960,-57.0,-92.0,3940.0,4256.0,7792.0,623.0,2,1889.0
10961,3.0,43.0,4094.0,4192.0,-5961.0,-304.0,2,-5528.0
10962,228.0,144.0,3754.0,4224.0,3534.0,406.0,2,4083.0
10963,44.0,-185.0,3598.0,4288.0,2758.0,-223.0,2,2466.0
10964,514.0,-492.0,3718.0,4288.0,-9826.0,-656.0,2,-2456.0
10965,31.0,-188.0,3965.0,4224.0,13186.0,277.0,2,2649.0
10966,-58.0,132.0,4087.0,4256.0,-5279.0,-1641.0,2,1027.0
10967,769.0,-358.0,3884.0,4192.0,-6748.0,607.0,2,-3200.0
10968,-20.0,225.0,4147.0,4240.0,10956.0,-223.0,2,2649.0
10969,82.0,219.0,4296.0,4144.0,-10954.0,-763.0,2,-5657.0
10970,344.0,-495.0,3393.0,4224.0,-2869.0,-971.0,2,1381.0
10971,-98.0,-98.0,4132.0,4256.0,10045.0,-1040.0,2,-353.0
10972,361.0,436.0,3695.0,4192.0,322.0,929.0,2,776.0
10973,99.0,-21.0,3749.0,4144.0,-7751.0,-2307.0,2,-24.0
10974,314.0,-259.0,3716.0,4144.0,6826.0,1489.0,2,-5599.0
10975,75.0,760.0,4296.0,4240.0,2983.0,-299.0,2,7494.0
10976,-233.0,-361.0,4302.0,4144.0,-13313.0,-3499.0,2,-2336.0
10977,552.0,-866.0,3718.0,4256.0,-639.0,-212.0,2,-184.0
10978,-68.0,-486.0,4279.0,4176.0,14529.0,1061.0,2,165.0
10979,-109.0,-148.0,4102.0,4224.0,-5163.0,1503.0,2,-5852.0
10980,424.0,-458.0,3704.0,4144.0,-4440.0,-487.0,2,493.0
10981,96.0,-639.0,3862.0,4256.0,8769.0,1027.0,2,2616.0
10982,47.0,-103.0,3767.0,4320.0,-12222.0,-820.0,2,-3008.0
10983,-225.0,-585.0,3966.0,4176.0,8067.0,-65.0,2,5630.0
10984,-18.0,-141.0,3876.0,4176.0,-7088.0,-188.0,2,-1701.0
10985,205.0,-453.0,3723.0,4304.0,1215.0,166.0,2,1214.0
10986,-58.0,-549.0,3962.0,4192.0,7282.0,-258.0,2,2026.0
10987,93.0,101.0,3825.0,4192.0,-3680.0,-58.0,2,2018.0
10988,33.0,-164.0,3932.0,4288.0,1640.0,-548.0,2,2327.0
10989,-58.0,135.0,3980.0,4288.0,-655.0,-360.0,2,1434.0
10990,334.0,-325.0,3951.0,4192.0,-7594.0,194.0,2,-429.0
10991,-276.0,-191.0,3707.0,4240.0,6726.0,-254.0,2,2943.0
10992,119.0,-69.0,4186.0,4176.0,5208.0,2021.0,2,1060.0
10993,173.0,-11.0,3938.0,4240.0,-7927.0,-415.0,2,2214.0
10994,-285.0,-216.0,3873.0,4224.0,4933.0,-1324.0,2,-149.0
10995,150.0,506.0,4046.0,4304.0,2308.0,475.0,2,1665.0
10996,78.0,46.0,4074.0,4320.0,-10910.0,-4076.0,2,1934.0
10997,155.0,-246.0,3629.0,4240.0,5710.0,536.0,2,-1447.0
10998,-10.0,459.0,4425.0,4192.0,8181.0,941.0,2,5023.0
10999,-204.0,455.0,3938.0,4224.0,-2896.0,306.0,2,-1036.0
11000,852.0,-595.0,3719.0,4240.0,-8133.0,-3409.0,2,8448.0
11001,-533.0,-605.0,4570.0,4144.0,10598.0,-7590.0,2,22437.0
11002,539.0,-567.0,3482.0,4192.0,-8906.0,-3519.0,2,-1188.0
11003,876.0,-1301.0,2949.0,4288.0,-337.0,1057.0,2,-3703.0
11004,578.0,-590.0,4738.0,4224.0,9470.0,-990.0,2,5800.0
11005,283.0,-987.0,3428.0,4256.0,-8606.0,589.0,2,-12063.0
11006,1246.0,-1075.0,3093.0,4192.0,4867.0,2265.0,2,-3569.0
11007,628.0,-523.0,4706.0,4240.0,4779.0,338.0,2,4113.0
11008,863.0,-504.0,3799.0,4240.0,-6812.0,-2628.0,2,-6270.0
11009,984.0,-1185.0,3031.0,4144.0,7044.0,718.0,2,4584.0
11010,909.0,-965.0,3809.0,4144.0,-3109.0,-255.0,2,-4708.0
11011,1171.0,-1392.0,3639.0,4192.0,101.0,345.0,2,-3358.0
11012,1054.0,-604.0,3078.0,4288.0,589.0,-613.0,2,6281.0
11013,712.0,-943.0,3124.0,4144.0,-4341.0,-2643.0,2,1067.0
11014,863.0,-912.0,3366.0,4240.0,3967.0,1915.0,2,3879.0
11015,409.0,-744.0,3674.0,4240.0,4930.0,-8552.0,2,12974.0
11016,747.0,-1363.0,4022.0,4176.0,2482.0,-297.0,2,9060.0
11017,827.0,-256.0,3773.0,4192.0,-2581.0,-3524.0,2,6455.0
11018,418.0,-936.0,2986.0,4240.0,-5673.0,-2066.0,2,-5294.0
11019,1331.0,-978.0,4090.0,4240.0,5369.0,2009.0,2,-1391.0
11020,1435.0,-853.0,3189.0,4304.0,7285.0,4573.0,2,-4509.0
11021,587.0,-565.0,2820.0,4288.0,-10254.0,-2820.0,2,-11765.0
11022,1206.0,-1288.0,3462.0,4192.0,9685.0,1173.0,2,3987.0
11023,1428.0,-1113.0,3177.0,4192.0,7969.0,2484.0,2,4459.0
11024,682.0,-367.0,3347.0,4192.0,-6182.0,-105.0,2,-13275.0
11025,1092.0,-1270.0,3185.0,4224.0,8118.0,2521.0,2,4597.0
11026,1133.0,-794.0,3492.0,4224.0,5558.0,-1576.0,2,7489.0
11027,460.0,-819.0,3472.0,4192.0,-5103.0,498.0,2,-8691.0
11028,795.0,-1065.0,3073.0,4240.0,5848.0,-2835.0,2,6748.0
11029,1041.0,-437.0,3322.0,4192.0,-2370.0,-2166.0,2,2210.0
11030,536.0,62.0,3761.0,4256.0,-2265.0,602.0,2,-3857.0
11031,49.0,813.0,4146.0,4288.0,12444.0,1402.0,2,4754.0
11032,-276.0,65.0,4179.0,4256.0,-11228.0,-1331.0,2,-8261.0
11033,483.0,-195.0,3286.0,4288.0,-1975.0,388.0,2,-840.0
11034,295.0,265.0,3832.0,4304.0,5757.0,-393.0,2,6551.0
11035,1292.0,-989.0,3396.0,4240.0,-2818.0,-7361.0,2,8289.0
11036,1214.0,-829.0,2789.0,4256.0,3506.0,-2579.0,2,9189.0
11037,716.0,-983.0,3461.0,4256.0,-6380.0,-2615.0,2,7490.0
11038,585.0,-1889.0,4720.0,4240.0,-879.0,2464.0,2,-3335.0
11039,875.0,-498.0,3763.0,4256.0,3421.0,1876.0,2,-10989.0
11040,527.0,-568.0,3045.0,4176.0,-4621.0,-2549.0,2,-5287.0
11041,1412.0,-1718.0,4251.0,4240.0,6574.0,1677.0,2,2366.0
11042,1652.0,-734.0,3978.0,4192.0,10669.0,4026.0,2,-4090.0
11043,599.0,-835.0,2974.0,4192.0,-10708.0,-2844.0,2,-5744.0
11044,1037.0,-1568.0,3050.0,4256.0,6537.0,1217.0,2,814.0
11045,1395.0,-1060.0,3571.0,4304.0,6984.0,2857.0,2,5649.0
11046,774.0,-961.0,3154.0,4240.0,-10411.0,-2313.0,2,-6813.0
11047,837.0,-1529.0,2713.0,4256.0,-2498.0,1491.0,2,-5519.0
11048,-319.0,-961.0,4054.0,4240.0,-9156.0,77.0,2,-15930.0
11049,1258.0,-714.0,3471.0,4224.0,8866.0,4743.0,2,1556.0
11050,890.0,-848.0,4640.0,4224.0,15.0,-1342.0,2,2047.0
11051,1079.0,-739.0,4126.0,4304.0,-10163.0,-3551.0,2,-7482.0
11052,1413.0,-1444.0,2411.0,4192.0,4886.0,-247.0,2,4606.0
11053,1284.0,-730.0,3026.0,4288.0,2202.0,991.0,2,1514.0
11054,1099.0,-1509.0,3809.0,4176.0,-10159.0,-1464.0,2,-9730.0
11055,1048.0,-1234.0,2523.0,4144.0,853.0,-1792.0,2,13902.0
11056,896.0,-1931.0,3686.0,4240.0,-5292.0,-1237.0,2,368.0
11057,1209.0,-1355.0,3826.0,4144.0,-3913.0,45.0,2,-5943.0
11058,1017.0,-643.0,3020.0,4176.0,2866.0,-2210.0,2,11522.0
11059,593.0,-1001.0,3480.0,4192.0,-7794.0,-2628.0,2,-4285.0
11060,1130.0,-1559.0,4943.0,4224.0,-2324.0,-464.0,2,-5388.0
11061,948.0,-1351.0,3806.0,4224.0,-6489.0,6332.0,2,-8756.0
11062,749.0,-856.0,3535.0,4240.0,-8463.0,-2752.0,2,-2122.0
11063,749.0,-1197.0,2882.0,4320.0,6871.0,-1913.0,2,13033.0
11064,438.0,-1408.0,3370.0,4224.0,-218.0,1666.0,2,2240.0
11065,400.0,-1624.0,3340.0,4192.0,-3254.0,3895.0,2,-12887.0
11066,998.0,-580.0,4063.0,4192.0,3911.0,1922.0,2,-3588.0
11067,-754.0,-756.0,3699.0,4192.0,-136.0,4605.0,2,-18098.0
11068,553.0,-744.0,3751.0,4240.0,-3093.0,362.0,2,-270.0
11069,337.0,-732.0,3404.0,4192.0,-6207.0,-1429.0,2,-12586.0
11070,898.0,-1741.0,3333.0,4192.0,11080.0,-542.0,2,9514.0
11071,921.0,-1263.0,5433.0,4352.0,4529.0,716.0,2,745.0
11072,171.0,-1306.0,3847.0,4288.0,-5141.0,-2634.0,2,623.0
11073,451.0,-1105.0,2953.0,4224.0,-342.0,-4978.0,2,14536.0
11074,796.0,-774.0,3420.0,4144.0,1996.0,-2733.0,2,5607.0
11075,1297.0,-1807.0,4082.0,4240.0,-422.0,-1376.0,2,1213.0
11076,996.0,-337.0,3298.0,4176.0,-1185.0,-4423.0,2,14510.0
11077,461.0,-929.0,3089.0,4192.0,-3003.0,-2145.0,2,-1792.0
11078,1446.0,-1154.0,3618.0,4288.0,4128.0,4348.0,2,-2850.0
11079,1067.0,-530.0,3929.0,4256.0,6686.0,1126.0,2,-3212.0
11080,634.0,-910.0,2925.0,4176.0,-7916.0,-2491.0,2,-3850.0
11081,1264.0,-1452.0,3353.0,4240.0,6574.0,2835.0,2,706.0
11082,1368.0,-1060.0,3474.0,4320.0,9595.0,1548.0,2,4382.0
11083,943.0,-759.0,2839.0,4144.0,-8320.0,-4221.0,2,-2181.0
11084,985.0,-1366.0,2733.0,4176.0,6483.0,1414.0,2,4097.0
11085,838.0,-770.0,4730.0,4240.0,1563.0,566.0,2,5451.0
11086,721.0,-1252.0,4619.0,4304.0,-4520.0,-2780.0,2,-674.0
11087,811.0,-788.0,3698.0,4240.0,6426.0,-4248.0,2,18761.0
11088,374.0,-1317.0,3300.0,4304.0,7354.0,-1346.0,2,8306.0
11089,1045.0,-595.0,3215.0,4224.0,-8532.0,-4469.0,2,474.0
11090,881.0,-1224.0,4795.0,4112.0,-425.0,-2001.0,2,-355.0
11091,465.0,-1854.0,4545.0,4176.0,4959.0,-732.0,2,-4384.0
11092,743.0,-969.0,3138.0,4144.0,-3946.0,-529.0,2,3935.0
11093,329.0,-959.0,3470.0,4240.0,-2153.0,-1794.0,2,-2989.0
11094,1340.0,-1625.0,5211.0,4144.0,5670.0,4753.0,2,846.0
11095,940.0,-896.0,3661.0,4288.0,-3130.0,1648.0,2,-8132.0
11096,524.0,-1123.0,2533.0,4176.0,-9689.0,-3082.0,2,-12025.0
11097,1374.0,-1432.0,3470.0,4240.0,4541.0,1911.0,2,-8088.0
11098,1697.0,-1075.0,3232.0,4176.0,9606.0,4445.0,2,1627.0
11099,693.0,-1069.0,2779.0,4256.0,-8826.0,-3040.0,2,-7111.0
11100,1172.0,-1331.0,2788.0,4240.0,6418.0,4160.0,2,-5360.0
11101,761.0,-1210.0,4430.0,4256.0,-402.0,5379.0,2,-4780.0
11102,86.0,-1890.0,3543.0,4256.0,-2257.0,2223.0,2,-22405.0
11103,707.0,-868.0,2676.0,4256.0,1340.0,-3448.0,2,8218.0
11104,626.0,-984.0,3509.0,4304.0,-2103.0,-1497.0,2,3846.0
11105,1157.0,-1426.0,4644.0,4192.0,805.0,-1103.0,2,2498.0
11106,875.0,-312.0,4052.0,4304.0,3086.0,-1071.0,2,390.0
11107,574.0,-796.0,3120.0,4144.0,-3103.0,-2912.0,2,723.0
11108,-16.0,-1149.0,3474.0,4240.0,-840.0,3944.0,2,-12350.0
11109,456.0,-723.0,3908.0,4224.0,-2864.0,-3364.0,2,-5936.0
11110,262.0,-1266.0,4018.0,4176.0,1115.0,-2376.0,2,-14234.0
11111,764.0,-623.0,3016.0,4240.0,-2515.0,-34.0,2,2754.0
11112,796.0,-721.0,3380.0,4288.0,-5227.0,-3322.0,2,7490.0
11113,1676.0,-1033.0,3983.0,4192.0,4543.0,1678.0,2,9182.0
11114,1154.0,-1038.0,3458.0,4288.0,7196.0,1258.0,2,10783.0
11115,1275.0,-783.0,3951.0,4288.0,-5254.0,2017.0,2,-15789.0
11116,461.0,-565.0,3483.0,4256.0,-4793.0,-6538.0,2,5810.0
11117,532.0,-1247.0,2796.0,4240.0,4675.0,-2918.0,2,16503.0
11118,927.0,-731.0,4089.0,4224.0,3530.0,-670.0,2,2148.0
11119,902.0,-1477.0,3321.0,4256.0,-864.0,-377.0,2,-8850.0
11120,663.0,-930.0,3595.0,4240.0,-1675.0,276.0,2,-3321.0
11121,208.0,-985.0,3230.0,4240.0,-1695.0,867.0,2,-11473.0
11122,1334.0,-1107.0,4026.0,4256.0,6117.0,2868.0,2,5937.0
11123,1182.0,-1192.0,3252.0,4224.0,5352.0,1216.0,2,5443.0
11124,424.0,-610.0,4036.0,4240.0,-4889.0,-4406.0,2,1901.0
11125,762.0,-1169.0,3461.0,4224.0,8327.0,-1814.0,2,8251.0
11126,337.0,-560.0,3912.0,4176.0,2966.0,800.0,2,1154.0
11127,-147.0,191.0,4185.0,4256.0,-10422.0,-580.0,2,-13684.0
11128,869.0,-1257.0,3984.0,4176.0,12171.0,390.0,2,7014.0
11129,964.0,-1220.0,3529.0,4240.0,-2564.0,4849.0,2,-11039.0
11130,-857.0,-989.0,3961.0,4176.0,-6193.0,1997.0,2,-26545.0
11131,-299.0,147.0,3391.0,4176.0,3008.0,533.0,2,-669.0
11132,-178.0,207.0,4008.0,4224.0,9140.0,893.0,2,5365.0
11133,-130.0,27.0,3909.0,4144.0,-11334.0,-2715.0,2,827.0
11134,-89.0,-541.0,3860.0,4256.0,11009.0,865.0,2,-3487.0
11135,296.0,-115.0,4163.0,4240.0,5449.0,1906.0,2,918.0
11136,110.0,-431.0,3897.0,4288.0,-7631.0,-2184.0,2,308.0
11137,609.0,-671.0,4214.0,4192.0,-3145.0,-3866.0,2,7029.0
11138,671.0,-917.0,3679.0,4256.0,9757.0,-2594.0,2,14900.0
11139,440.0,-1102.0,3411.0,4224.0,-4686.0,-2361.0,2,6302.0
11140,667.0,-1059.0,3770.0,4176.0,434.0,4016.0,2,-7238.0
11141,618.0,-484.0,4088.0,4320.0,5885.0,-3460.0,2,2021.0
11142,149.0,-960.0,3088.0,4256.0,-6369.0,-3044.0,2,-9104.0
11143,1148.0,-1450.0,3991.0,4176.0,6888.0,4811.0,2,-5038.0
11144,1545.0,-516.0,3408.0,4192.0,3658.0,4033.0,2,-6955.0
11145,654.0,-839.0,2938.0,4256.0,-9576.0,-4208.0,2,-3429.0
11146,1064.0,-1351.0,3002.0,4224.0,7364.0,2630.0,2,4766.0
11147,622.0,-990.0,4779.0,4224.0,10796.0,1601.0,2,5386.0
11148,813.0,-897.0,3897.0,4176.0,-8843.0,-4210.0,2,1051.0
11149,768.0,-1365.0,2762.0,4240.0,5745.0,-1322.0,2,9305.0
11150,809.0,-916.0,3891.0,4192.0,-670.0,275.0,2,-221.0
11151,704.0,-903.0,3808.0,4256.0,-6791.0,1377.0,2,-13797.0
11152,692.0,-740.0,3294.0,4240.0,-5860.0,5601.0,2,-12925.0
11153,86.0,-1456.0,3640.0,4240.0,-71.0,1109.0,2,-12020.0
11154,953.0,-846.0,2977.0,4288.0,1513.0,2515.0,2,-2999.0
11155,596.0,-722.0,5289.0,4192.0,-5082.0,-3361.0,2,8516.0
11156,660.0,-1224.0,4012.0,4240.0,-445.0,-4751.0,2,1753.0
11157,788.0,-1118.0,2737.0,4192.0,2188.0,810.0,2,340.0
11158,501.0,-470.0,4474.0,4192.0,-6834.0,-3792.0,2,2754.0
11159,495.0,-1248.0,3903.0,4240.0,-3864.0,-2038.0,2,-7812.0
11160,844.0,-827.0,2917.0,4240.0,-377.0,2370.0,2,-111.0
11161,678.0,-1138.0,3942.0,4288.0,-3289.0,-1225.0,2,2282.0
11162,822.0,-1125.0,4122.0,4224.0,-4024.0,-1222.0,2,-3738.0
11163,880.0,-1238.0,2527.0,4176.0,2530.0,-994.0,2,9401.0
11164,532.0,-745.0,4252.0,4192.0,-2070.0,-1013.0,2,460.0
11165,1078.0,-1078.0,3587.0,4224.0,-6586.0,-1363.0,2,-25573.0
11166,1062.0,-1158.0,2921.0,4144.0,3656.0,751.0,2,8327.0
11167,891.0,-760.0,3241.0,4240.0,29.0,-478.0,2,2238.0
11168,1033.0,-1616.0,4835.0,4256.0,-3408.0,1469.0,2,7994.0
11169,815.0,-97.0,3466.0,4176.0,-1353.0,-3191.0,2,-3384.0
11170,11.0,-845.0,3406.0,4192.0,-3086.0,-2555.0,2,-10519.0
11171,932.0,-941.0,3455.0,4192.0,730.0,3652.0,2,-6703.0
11172,786.0,-894.0,5294.0,4192.0,6168.0,148.0,2,8496.0
11173,590.0,-1054.0,3930.0,4224.0,-4379.0,-547.0,2,-14549.0
11174,1346.0,-965.0,2610.0,4240.0,-380.0,-8305.0,2,13835.0
11175,653.0,-1146.0,3013.0,4176.0,206.0,1050.0,2,-2314.0
11176,216.0,-1285.0,3407.0,4192.0,-580.0,7873.0,2,-19162.0
11177,213.0,-1159.0,3744.0,4144.0,-2716.0,162.0,2,-14518.0
11178,1424.0,-1401.0,3583.0,4240.0,-3344.0,4544.0,2,-6003.0
11179,1191.0,-1002.0,3687.0,4176.0,9167.0,1241.0,2,9544.0
11180,877.0,-730.0,3505.0,4240.0,-8915.0,-4260.0,2,596.0
11181,1065.0,-1156.0,2913.0,4192.0,3154.0,-100.0,2,5923.0
11182,1045.0,-916.0,4606.0,4176.0,4770.0,260.0,2,6412.0
11183,929.0,-927.0,4045.0,4144.0,-6118.0,-4412.0,2,-561.0
11184,1119.0,-957.0,2433.0,4304.0,6364.0,-3845.0,2,13448.0
11185,941.0,-783.0,4382.0,4192.0,102.0,-2784.0,2,735.0
11186,882.0,-1337.0,4193.0,4192.0,-3916.0,-2699.0,2,-7101.0
11187,1121.0,-1006.0,2752.0,4224.0,1455.0,-566.0,2,5198.0
11188,552.0,-1173.0,4053.0,4192.0,-1504.0,-156.0,2,-2919.0
11189,586.0,-1222.0,3579.0,4176.0,-6985.0,1953.0,2,-26078.0
11190,655.0,-412.0,3102.0,4144.0,-948.0,-622.0,2,6976.0
11191,713.0,-795.0,3122.0,4240.0,-3392.0,-3339.0,2,458.0
11192,1038.0,-1020.0,3687.0,4256.0,2619.0,3258.0,2,-1303.0
11193,567.0,-399.0,3621.0,4176.0,6502.0,863.0,2,7544.0
11194,313.0,-592.0,3926.0,4320.0,-5121.0,-2744.0,2,-2946.0
11195,1145.0,-898.0,3539.0,4240.0,1559.0,-37.0,2,4575.0
11196,213.0,-377.0,4055.0,4192.0,7073.0,4792.0,2,2161.0
11197,-86.0,16.0,4061.0,4128.0,-7489.0,-1176.0,2,-3787.0
11198,-127.0,108.0,3753.0,4192.0,5755.0,964.0,2,3464.0
11199,-581.0,237.0,4166.0,4192.0,2598.0,-804.0,2,649.0
11200,-143.0,-184.0,3786.0,4224.0,-12473.0,-1999.0,2,1596.0
11201,-275.0,-211.0,3255.0,4224.0,5805.0,412.0,2,2554.0
11202,-254.0,154.0,4016.0,4288.0,5322.0,1099.0,2,1166.0
11203,-125.0,216.0,4012.0,4224.0,-11189.0,-4198.0,2,1751.0
11204,-470.0,-29.0,4209.0,4240.0,13593.0,1175.0,2,1851.0
11205,-253.0,202.0,4012.0,4176.0,-7573.0,539.0,2,319.0
11206,-248.0,-158.0,3244.0,4144.0,1242.0,-1331.0,2,6174.0
11207,9.0,-777.0,3783.0,4192.0,5289.0,-3613.0,2,10402.0
11208,1061.0,-192.0,2825.0,4128.0,-1656.0,-2374.0,2,1326.0
11209,649.0,-1216.0,3165.0,4256.0,5636.0,1910.0,2,-5664.0
11210,907.0,-800.0,3440.0,4192.0,-3277.0,3064.0,2,-2973.0
11211,612.0,-784.0,3966.0,4192.0,-5428.0,-782.0,2,-10707.0
11212,224.0,-1174.0,2908.0,4176.0,-923.0,1727.0,2,-12624.0
11213,1274.0,-1338.0,4107.0,4224.0,4645.0,2416.0,2,2263.0
11214,1455.0,-1082.0,3220.0,4240.0,5050.0,3168.0,2,-3332.0
11215,670.0,-877.0,2857.0,4176.0,-6779.0,-2796.0,2,-4872.0
11216,1076.0,-1401.0,3485.0,4224.0,9347.0,3866.0,2,-359.0
11217,1142.0,-882.0,4398.0,4224.0,7963.0,1796.0,2,4000.0
11218,683.0,-1009.0,3730.0,4240.0,-6225.0,-4288.0,2,-3841.0
11219,895.0,-1144.0,2897.0,4240.0,4869.0,-1021.0,2,7898.0
11220,858.0,-877.0,3347.0,4176.0,-385.0,-4050.0,2,6755.0
11221,692.0,-1066.0,3946.0,4240.0,4233.0,-1699.0,2,14841.0
11222,700.0,-1360.0,4309.0,4256.0,7645.0,-1794.0,2,4004.0
11223,1099.0,-1320.0,3522.0,4192.0,-2022.0,-1148.0,2,-12169.0
11224,1244.0,-202.0,2961.0,4192.0,-3158.0,-3382.0,2,8052.0
11225,706.0,-967.0,3093.0,4224.0,-1357.0,-103.0,2,-1773.0
11226,1206.0,-996.0,4408.0,4224.0,6143.0,2558.0,2,6853.0
11227,1066.0,-310.0,4227.0,4224.0,2123.0,1691.0,2,-1959.0
11228,599.0,-769.0,3062.0,4192.0,-8553.0,-2817.0,2,-4544.0
11229,1397.0,-1640.0,4342.0,4192.0,7322.0,2563.0,2,-2078.0
11230,1239.0,-955.0,4124.0,4224.0,7267.0,3214.0,2,-9214.0
11231,534.0,-843.0,2831.0,4256.0,-9395.0,-4234.0,2,-4453.0
11232,1031.0,-1465.0,4162.0,4224.0,4425.0,1863.0,2,-1592.0
11233,1754.0,-1000.0,3052.0,4144.0,1556.0,6633.0,2,-11803.0
11234,-169.0,-1173.0,3421.0,4288.0,-6324.0,104.0,2,-15224.0
11235,854.0,-1206.0,2980.0,4224.0,2617.0,5176.0,2,-5881.0
11236,907.0,-718.0,4144.0,4192.0,-1212.0,-1033.0,2,-2118.0
11237,979.0,-1302.0,3996.0,4368.0,-3928.0,-756.0,2,-4080.0
11238,983.0,-1177.0,2793.0,4256.0,-399.0,-1575.0,2,22152.0
11239,282.0,-1116.0,3456.0,4288.0,-2794.0,-1307.0,2,-4265.0
11240,938.0,-1235.0,3687.0,4192.0,861.0,5380.0,2,-12368.0
11241,213.0,-971.0,3940.0,4144.0,-2644.0,435.0,2,-14317.0
11242,1037.0,-1298.0,4134.0,4240.0,-104.0,2490.0,2,1241.0
11243,1342.0,-976.0,2977.0,4192.0,2174.0,1343.0,2,-1588.0
11244,808.0,-692.0,3494.0,4240.0,-6031.0,-5375.0,2,4928.0
11245,796.0,-1482.0,2723.0,4192.0,5990.0,-2322.0,2,10213.0
11246,615.0,-890.0,4385.0,4192.0,-3868.0,-876.0,2,-5466.0
11247,917.0,-1604.0,3579.0,4224.0,4012.0,-4081.0,2,4319.0
11248,1070.0,-845.0,3027.0,4176.0,1893.0,-4695.0,2,19810.0
11249,929.0,-713.0,3283.0,4192.0,-3156.0,-3944.0,2,4899.0
11250,1556.0,-1202.0,4962.0,4288.0,4220.0,1471.0,2,1963.0
11251,936.0,-122.0,3675.0,4240.0,1313.0,-856.0,2,802.0
11252,600.0,-714.0,2828.0,4288.0,-5630.0,-2303.0,2,-5313.0
11253,1366.0,-1120.0,3982.0,4240.0,2591.0,2850.0,2,-1430.0
11254,1490.0,-1197.0,3439.0,4240.0,8167.0,2267.0,2,-1463.0
11255,790.0,-951.0,2927.0,4224.0,-9365.0,-2528.0,2,-4783.0
11256,1098.0,-1506.0,3117.0,4240.0,6321.0,2026.0,2,-1717.0
11257,1152.0,-925.0,4402.0,4176.0,7067.0,1919.0,2,6807.0
11258,837.0,-693.0,3418.0,4288.0,-9304.0,-3410.0,2,-4037.0
11259,1124.0,-1372.0,2870.0,4224.0,6101.0,1158.0,2,2085.0
11260,359.0,-997.0,3582.0,4192.0,-4943.0,-313.0,2,-5551.0
11261,-13.0,-1353.0,3910.0,4144.0,-734.0,6557.0,2,-6095.0
11262,559.0,-184.0,3652.0,4176.0,-2710.0,-1678.0,2,914.0
11263,608.0,-1148.0,3332.0,4192.0,-5880.0,-3252.0,2,-2394.0
11264,664.0,-1078.0,2964.0,4240.0,4375.0,652.0,2,2662.0
11265,939.0,-384.0,4311.0,4240.0,-2100.0,-2934.0,2,4419.0
11266,1050.0,-2319.0,4212.0,4256.0,-7335.0,-3588.0,2,7829.0
11267,1228.0,-1205.0,2837.0,4176.0,5304.0,-324.0,2,9532.0
11268,1046.0,-677.0,4359.0,4256.0,1585.0,-436.0,2,3052.0
11269,1048.0,-1977.0,4116.0,4304.0,-7457.0,-2390.0,2,128.0
11270,1045.0,-1234.0,2893.0,4256.0,2388.0,-2164.0,2,12711.0
11271,823.0,-841.0,3572.0,4224.0,-2627.0,-1845.0,2,-1467.0
11272,1121.0,-1426.0,4772.0,4240.0,4532.0,560.0,2,5364.0
11273,919.0,-166.0,3291.0,4144.0,-1246.0,-3338.0,2,10762.0
11274,665.0,-647.0,3129.0,4256.0,-5310.0,-2610.0,2,-2401.0
11275,1018.0,-1093.0,3314.0,4288.0,3115.0,2839.0,2,-7097.0
11276,803.0,-933.0,3699.0,4288.0,7760.0,154.0,2,6135.0
11277,295.0,-1024.0,3701.0,4224.0,-6822.0,-2788.0,2,2261.0
11278,830.0,-1322.0,3505.0,4192.0,-1181.0,684.0,2,-8608.0
11279,441.0,-1217.0,3595.0,4288.0,4194.0,-3887.0,2,12831.0
11280,715.0,-1033.0,3911.0,4144.0,-88.0,-3282.0,2,9093.0
11281,1412.0,-584.0,3183.0,4256.0,4661.0,-4392.0,2,-785.0
11282,660.0,-971.0,3537.0,4240.0,-9130.0,-728.0,2,-14505.0
11283,919.0,-1422.0,2941.0,4192.0,2516.0,-2526.0,2,16065.0
11284,267.0,-719.0,3489.0,4240.0,-5805.0,-2756.0,2,-3124.0
11285,1257.0,-1405.0,3663.0,4192.0,2275.0,2122.0,2,-2597.0
11286,1584.0,-947.0,2928.0,4240.0,4054.0,3498.0,2,-7747.0
11287,447.0,-1142.0,3070.0,4176.0,-7550.0,-2463.0,2,-3369.0
11288,1200.0,-1364.0,3067.0,4240.0,4078.0,2572.0,2,-876.0
11289,967.0,-633.0,5136.0,4224.0,4940.0,1056.0,2,4128.0
11290,857.0,-810.0,4134.0,4240.0,-5274.0,-3606.0,2,-2319.0
11291,1062.0,-927.0,3038.0,4256.0,576.0,-2147.0,2,14407.0
11292,584.0,-955.0,3572.0,4176.0,-3973.0,-1301.0,2,-1673.0
11293,1115.0,-1042.0,4256.0,4176.0,3081.0,2241.0,2,1984.0
11294,411.0,-1219.0,3731.0,4256.0,14290.0,-5456.0,2,21884.0
11295,998.0,-1471.0,3226.0,4224.0,7083.0,1761.0,2,9167.0
11296,955.0,-955.0,3515.0,4240.0,7326.0,2235.0,2,4857.0
11297,1298.0,-1177.0,5325.0,4192.0,3435.0,4119.0,2,-1684.0
11298,1149.0,-621.0,3944.0,4288.0,4411.0,1156.0,2,-4970.0
11299,375.0,-838.0,2852.0,4256.0,-7753.0,-2751.0,2,-5845.0
11300,834.0,-1542.0,3066.0,4256.0,5242.0,2430.0,2,-141.0
11301,1183.0,-712.0,3671.0,4240.0,4727.0,904.0,2,5107.0
11302,853.0,-1258.0,3921.0,4192.0,-5571.0,15.0,2,-12484.0
11303,863.0,-428.0,3579.0,4144.0,-1864.0,-2552.0,2,3657.0
11304,-277.0,-1354.0,4019.0,4176.0,-3505.0,6514.0,2,-20515.0
11305,1167.0,-1189.0,3297.0,4192.0,723.0,1198.0,2,-8685.0
11306,797.0,-654.0,3323.0,4224.0,-395.0,844.0,2,-3811.0
11307,1262.0,-1305.0,5011.0,4176.0,1247.0,1737.0,2,1623.0
11308,980.0,-780.0,3959.0,4256.0,7877.0,2194.0,2,4966.0
11309,946.0,-702.0,3162.0,4144.0,-7160.0,-4530.0,2,382.0
11310,983.0,-1399.0,3914.0,4192.0,7339.0,2522.0,2,6127.0
11311,1308.0,-807.0,3318.0,4192.0,6177.0,961.0,2,1329.0
11312,716.0,-1055.0,2727.0,4256.0,-10427.0,-3514.0,2,-6477.0
11313,858.0,-1524.0,3113.0,4256.0,9438.0,1400.0,2,5023.0
11314,805.0,-764.0,3604.0,4192.0,5059.0,-4493.0,2,7811.0
11315,1037.0,-1392.0,4037.0,4176.0,5645.0,1274.0,2,7587.0
11316,664.0,153.0,3561.0,4224.0,1005.0,-2502.0,2,6701.0
11317,407.0,-862.0,3059.0,4176.0,-5962.0,-2881.0,2,-6772.0
11318,1524.0,-827.0,3340.0,4192.0,-952.0,-384.0,2,-2610.0
11319,1553.0,-1124.0,3282.0,4192.0,6264.0,3424.0,2,8515.0
11320,724.0,-660.0,3163.0,4192.0,-10609.0,867.0,2,-13342.0
11321,992.0,-1332.0,2691.0,4288.0,-3631.0,3441.0,2,-9582.0
11322,811.0,-934.0,5000.0,4304.0,14396.0,949.0,2,10500.0
11323,594.0,-820.0,3899.0,4144.0,-15924.0,96.0,2,-13953.0
11324,3142.0,-1481.0,632.0,4288.0,-1761.0,-445.0,2,-1481.0
11325,3363.0,-2759.0,1282.0,4224.0,7928.0,-2847.0,2,888.0
11326,2933.0,-2974.0,377.0,4896.0,813.0,-92.0,2,366.0
11327,1054.0,-1765.0,3930.0,4896.0,22836.0,-733.0,2,15662.0
11328,1036.0,-1096.0,3606.0,4960.0,1442.0,-5290.0,2,11109.0
11329,1035.0,-1609.0,3487.0,5024.0,4419.0,-2570.0,2,10841.0
11330,2384.0,-1930.0,2763.0,4960.0,583.0,556.0,2,37.0
11331,1388.0,-776.0,3849.0,4960.0,-4916.0,-155.0,2,-3034.0
11332,432.0,-1046.0,3197.0,4992.0,-4421.0,-2407.0,2,-13601.0
11333,1565.0,-1320.0,3782.0,4960.0,10323.0,5753.0,2,-5680.0
11334,894.0,-300.0,4067.0,4960.0,-3355.0,1848.0,2,-5797.0
11335,658.0,-668.0,2720.0,5024.0,-3553.0,-1590.0,2,-8304.0
11336,1490.0,-1227.0,3667.0,4944.0,9289.0,508.0,2,5754.0
11337,1970.0,-1508.0,3059.0,4992.0,1932.0,-51.0,2,-1063.0
11338,649.0,-1190.0,2672.0,4992.0,-11237.0,-1983.0,2,-6848.0
11339,1313.0,-1445.0,3129.0,4896.0,8866.0,1205.0,2,-966.0
11340,1711.0,-1356.0,3254.0,4944.0,816.0,3354.0,2,3317.0
11341,1256.0,-800.0,3562.0,4944.0,-7840.0,-4879.0,2,1435.0
11342,778.0,-1130.0,3553.0,5024.0,10640.0,-5243.0,2,18340.0
11343,964.0,-926.0,3057.0,4928.0,-7663.0,-2879.0,2,2009.0
11344,1651.0,-1504.0,4069.0,5008.0,14067.0,2995.0,2,674.0
11345,1942.0,-1530.0,2901.0,4896.0,5239.0,4207.0,2,-6078.0
11346,759.0,-1337.0,2739.0,4928.0,-7357.0,-1943.0,2,-4591.0
11347,1238.0,-1322.0,2860.0,4960.0,6630.0,4708.0,2,-6798.0
11348,1447.0,-1120.0,3346.0,4992.0,-1363.0,3702.0,2,1165.0
11349,474.0,-1452.0,2808.0,5008.0,-7922.0,628.0,2,-14878.0
11350,1380.0,-1206.0,2938.0,4992.0,6637.0,3077.0,2,-3803.0
11351,1522.0,-1389.0,2907.0,5072.0,4173.0,2657.0,2,-1061.0
11352,950.0,-1173.0,2529.0,4960.0,-9409.0,-1494.0,2,-2790.0
11353,1379.0,-1696.0,3215.0,5008.0,9333.0,3368.0,2,-3979.0
11354,1762.0,-1619.0,2901.0,4992.0,3731.0,4751.0,2,530.0
11355,72.0,-1222.0,2908.0,4944.0,-4189.0,1727.0,2,-11444.0
11356,544.0,-1338.0,3107.0,4944.0,-7314.0,3782.0,2,-16032.0
11357,1377.0,-1101.0,4509.0,4992.0,12154.0,-3073.0,2,9227.0
11358,647.0,-1925.0,4006.0,5072.0,-4301.0,-71.0,2,-2398.0
11359,846.0,-1250.0,2727.0,5008.0,-2906.0,-3261.0,2,8718.0
11360,178.0,-1896.0,3651.0,5008.0,-11639.0,2937.0,2,-17017.0
11361,767.0,-1255.0,3448.0,5008.0,-2293.0,3564.0,2,-15622.0
11362,62.0,-1129.0,4031.0,5024.0,-4869.0,2406.0,2,-17127.0
11363,1130.0,-1572.0,5013.0,5024.0,1761.0,1091.0,2,5917.0
11364,868.0,-296.0,3416.0,4992.0,-1852.0,-7206.0,2,15292.0
11365,780.0,-1750.0,3011.0,5024.0,-5165.0,-1050.0,2,1350.0
11366,1326.0,-1723.0,5214.0,4960.0,180.0,2192.0,2,5500.0
11367,644.0,-388.0,4234.0,5056.0,1622.0,-7648.0,2,13743.0
11368,986.0,-944.0,2844.0,5056.0,-1335.0,-3561.0,2,3974.0
11369,1748.0,-1175.0,4050.0,5072.0,8375.0,2333.0,2,5303.0
11370,1023.0,-234.0,3442.0,4960.0,-1424.0,-56.0,2,-8379.0
11371,522.0,-808.0,2691.0,4960.0,-5734.0,-917.0,2,-6348.0
11372,1268.0,-1677.0,5463.0,5008.0,6925.0,2795.0,2,1517.0
11373,1089.0,-154.0,3328.0,5056.0,-686.0,-2200.0,2,8523.0
11374,771.0,-954.0,2912.0,5056.0,-3449.0,-1248.0,2,-2819.0
11375,1443.0,-1616.0,4401.0,4992.0,4491.0,196.0,2,5311.0
11376,866.0,-565.0,3037.0,4928.0,2523.0,-5361.0,2,18839.0
11377,1003.0,-962.0,3585.0,5056.0,-1834.0,-1581.0,2,-1238.0
11378,1433.0,-1104.0,3822.0,5008.0,-4600.0,-1067.0,2,2600.0
11379,987.0,-1120.0,2799.0,4928.0,414.0,-1288.0,2,11270.0
11380,651.0,-1027.0,3337.0,5008.0,-3034.0,-6672.0,2,7926.0
11381,1017.0,-1414.0,3274.0,4992.0,7562.0,-2208.0,2,18369.0
11382,1057.0,-1167.0,4839.0,5072.0,6705.0,-368.0,2,8424.0
11383,828.0,-997.0,3299.0,5008.0,-7014.0,-1861.0,2,-3383.0
11384,1273.0,-1448.0,2792.0,5072.0,4762.0,435.0,2,1067.0
11385,1067.0,-778.0,4804.0,5056.0,3322.0,-1554.0,2,8748.0
11386,918.0,-974.0,3821.0,5024.0,-8375.0,-5953.0,2,7195.0
11387,1170.0,-1244.0,2743.0,5008.0,6703.0,-1742.0,2,6075.0
11388,1227.0,-855.0,4135.0,5008.0,2488.0,-162.0,2,-1896.0
11389,862.0,-1636.0,3759.0,5120.0,-1918.0,922.0,2,-2176.0
11390,1021.0,-1585.0,2918.0,5056.0,-1820.0,3168.0,2,-4968.0
11391,905.0,-1160.0,3519.0,5024.0,1106.0,2918.0,2,2427.0
11392,768.0,-1517.0,4900.0,5072.0,9919.0,-3680.0,2,19958.0
11393,851.0,-505.0,3108.0,4992.0,-2295.0,-3145.0,2,9375.0
11394,676.0,-1092.0,3137.0,5008.0,-2328.0,-622.0,2,-3619.0
11395,1322.0,-1763.0,4579.0,5072.0,3978.0,-186.0,2,1208.0
11396,1100.0,-852.0,2588.0,4992.0,1275.0,-808.0,2,11202.0
11397,686.0,-1007.0,3633.0,5008.0,-2123.0,-754.0,2,-2690.0
11398,1033.0,-1624.0,4401.0,5104.0,151.0,-5.0,2,-1070.0
11399,963.0,-333.0,3428.0,5104.0,-4652.0,2475.0,2,-7296.0
11400,30.0,-1064.0,2975.0,5024.0,-5915.0,-671.0,2,-10342.0
11401,1109.0,-1634.0,3893.0,4944.0,3930.0,2044.0,2,-4315.0
11402,1358.0,-1056.0,3839.0,5072.0,7703.0,1549.0,2,-5390.0
11403,631.0,-938.0,3139.0,5072.0,-8614.0,-1482.0,2,-2673.0
11404,1092.0,-1515.0,3165.0,4992.0,1338.0,2141.0,2,-13929.0
11405,742.0,-939.0,3847.0,4992.0,-3334.0,4763.0,2,-9510.0
11406,215.0,-1234.0,3438.0,4992.0,-5104.0,3586.0,2,-19727.0
11407,1149.0,-713.0,4218.0,5072.0,4259.0,3788.0,2,-306.0
11408,697.0,-1077.0,4045.0,5024.0,-5550.0,-2488.0,2,-7732.0
11409,1018.0,-1770.0,2646.0,5024.0,1514.0,-3731.0,2,14141.0
11410,1085.0,-880.0,4814.0,4960.0,7331.0,-3880.0,2,7745.0
11411,1279.0,-879.0,3336.0,5024.0,-10320.0,-2209.0,2,-585.0
11412,1435.0,-1412.0,2479.0,5056.0,10218.0,517.0,2,3764.0
11413,1722.0,-1566.0,3638.0,5024.0,10884.0,2516.0,2,3597.0
11414,909.0,-1077.0,2548.0,5072.0,-11858.0,-2359.0,2,-2646.0
11415,1668.0,-1482.0,4448.0,4944.0,11243.0,2780.0,2,-8595.0
11416,1216.0,-885.0,3902.0,5120.0,1578.0,-251.0,2,2796.0
11417,275.0,-1111.0,3204.0,5072.0,-2715.0,1516.0,2,-5111.0
11418,1255.0,-2330.0,4789.0,5056.0,2267.0,5493.0,2,2212.0
11419,267.0,-1121.0,3434.0,5072.0,1261.0,-3350.0,2,2705.0
11420,560.0,-815.0,3246.0,5056.0,-5636.0,-3396.0,2,-5064.0
11421,1200.0,-1987.0,4359.0,5056.0,4885.0,-257.0,2,3350.0
11422,1106.0,-878.0,2773.0,5104.0,-1723.0,-1108.0,2,8461.0
11423,565.0,-855.0,3984.0,5056.0,-2523.0,-2780.0,2,261.0
11424,1147.0,-1628.0,3483.0,5008.0,-3275.0,1957.0,2,-7802.0
11425,1031.0,-1095.0,2963.0,5056.0,3923.0,-1579.0,2,10697.0
11426,766.0,-866.0,4492.0,5072.0,146.0,-1057.0,2,-234.0
11427,1067.0,-1213.0,4555.0,5024.0,-6700.0,-2366.0,2,-3521.0
11428,1080.0,-1800.0,2711.0,5120.0,5252.0,-1176.0,2,9024.0
11429,741.0,-1071.0,4522.0,4992.0,-83.0,828.0,2,-28.0
11430,747.0,-1400.0,4305.0,5072.0,-3759.0,-326.0,2,-7076.0
11431,890.0,-1639.0,2761.0,5072.0,6263.0,-3021.0,2,10864.0
11432,1029.0,-1143.0,3659.0,5008.0,-3011.0,572.0,2,-6763.0
11433,-67.0,-1680.0,4411.0,5024.0,-1895.0,-2034.0,2,-13550.0
11434,776.0,-1066.0,3104.0,5056.0,-3646.0,767.0,2,114.0
11435,161.0,-1120.0,3650.0,5008.0,-3876.0,1321.0,2,-8601.0
11436,465.0,-1197.0,4496.0,5008.0,-4073.0,6575.0,2,-14825.0
11437,615.0,-980.0,3589.0,5072.0,-9183.0,630.0,2,-13183.0
11438,172.0,-1303.0,3464.0,5024.0,-1472.0,808.0,2,-5635.0
11439,655.0,-1007.0,2523.0,5008.0,4779.0,-1581.0,2,4442.0
11440,1163.0,-947.0,3919.0,4896.0,2207.0,-2637.0,2,3558.0
11441,312.0,-1111.0,4019.0,5008.0,-4604.0,-1224.0,2,-5766.0
11442,873.0,-975.0,2731.0,5120.0,1511.0,-1274.0,2,3650.0
11443,602.0,-802.0,5100.0,5024.0,5161.0,-341.0,2,3698.0
11444,471.0,-1187.0,2762.0,5024.0,-4883.0,-21.0,2,-8601.0
11445,983.0,-1573.0,3225.0,5008.0,3159.0,4517.0,2,-13887.0
11446,634.0,-1194.0,3940.0,5056.0,-4472.0,1087.0,2,-8297.0
11447,620.0,-1623.0,3988.0,5024.0,-3093.0,-266.0,2,-4370.0
11448,676.0,-1244.0,2747.0,5024.0,3047.0,-4461.0,2,12629.0
11449,693.0,-982.0,3556.0,5024.0,-4441.0,-3781.0,2,3467.0
11450,143.0,-1091.0,3783.0,4960.0,6093.0,-4973.0,2,17984.0
11451,767.0,-1371.0,3497.0,4992.0,2694.0,-4099.0,2,11242.0
11452,1309.0,-1910.0,4778.0,5072.0,527.0,200.0,2,2027.0
11453,801.0,-493.0,4024.0,4960.0,-5446.0,-102.0,2,-4505.0
11454,337.0,-1023.0,2716.0,5056.0,-3469.0,-1619.0,2,-8128.0
11455,1200.0,-1423.0,4047.0,5056.0,5029.0,3691.0,2,-7960.0
11456,1428.0,-1465.0,2787.0,5072.0,414.0,4531.0,2,-9000.0
11457,857.0,-1397.0,2794.0,5024.0,-9601.0,-2472.0,2,-3707.0
11458,1258.0,-1690.0,2790.0,5024.0,7360.0,509.0,2,-3360.0
11459,782.0,-909.0,5022.0,5024.0,6590.0,501.0,2,3089.0
11460,909.0,-926.0,3897.0,5072.0,-6695.0,-3803.0,2,1543.0
11461,1250.0,-1166.0,2696.0,5056.0,464.0,-378.0,2,3548.0
11462,680.0,-958.0,4743.0,4992.0,667.0,-1134.0,2,6146.0
11463,-719.0,-1301.0,4058.0,5008.0,-3998.0,2966.0,2,-13626.0
11464,-152.0,-1532.0,2954.0,4928.0,1686.0,4668.0,2,-8303.0
11465,380.0,-1468.0,3788.0,5008.0,-588.0,1355.0,2,-4262.0
11466,1028.0,-2596.0,4027.0,4960.0,554.0,-619.0,2,8317.0
11467,582.0,-294.0,3390.0,4992.0,-4067.0,-2146.0,2,-9140.0
11468,355.0,-696.0,3106.0,4992.0,-7633.0,-142.0,2,-9968.0
11469,1123.0,-1406.0,3913.0,5024.0,7009.0,2691.0,2,-3289.0
11470,873.0,-410.0,3290.0,4992.0,-4580.0,-3622.0,2,-2561.0
11471,318.0,-1063.0,3346.0,5024.0,-3313.0,240.0,2,5358.0
11472,1145.0,-2494.0,2175.0,4992.0,-1250.0,-3037.0,2,100.0
11473,958.0,-2993.0,2051.0,5008.0,8487.0,-3853.0,2,6775.0
11474,1181.0,-1647.0,4548.0,5072.0,6254.0,260.0,2,2639.0
11475,905.0,-750.0,3098.0,4928.0,-307.0,-4662.0,2,17434.0
11476,740.0,-963.0,3408.0,5008.0,-2586.0,-1243.0,2,337.0
11477,1082.0,-1703.0,4371.0,5072.0,-2187.0,272.0,2,-986.0
11478,1072.0,-1540.0,3417.0,5056.0,4644.0,-7789.0,2,25144.0
11479,992.0,-839.0,3482.0,5056.0,-1568.0,-2288.0,2,3067.0
11480,997.0,-1460.0,3719.0,5056.0,-5768.0,3959.0,2,-7726.0
11481,411.0,-1659.0,2635.0,4960.0,-824.0,1578.0,2,-1720.0
11482,452.0,-831.0,3244.0,4944.0,519.0,-6348.0,2,12181.0
11483,1592.0,-1510.0,5631.0,5056.0,8514.0,3890.0,2,3904.0
11484,1012.0,-224.0,3246.0,4960.0,-3035.0,-2664.0,2,8830.0
11485,672.0,-822.0,3130.0,5008.0,-874.0,-2071.0,2,-2173.0
11486,1331.0,-1451.0,4417.0,5024.0,2068.0,1188.0,2,1382.0
11487,1284.0,-525.0,2810.0,4992.0,-1591.0,-556.0,2,4634.0
11488,786.0,-788.0,4046.0,5056.0,-1629.0,-2897.0,2,164.0
11489,1179.0,-1297.0,3532.0,4960.0,-6184.0,135.0,2,-3254.0
11490,953.0,-1376.0,2573.0,5024.0,1156.0,-1683.0,2,10678.0
11491,733.0,-760.0,4641.0,5056.0,-115.0,-56.0,2,-282.0
11492,877.0,-1517.0,3498.0,5056.0,-4611.0,-833.0,2,-7114.0
11493,791.0,-1388.0,2347.0,4960.0,1042.0,-2261.0,2,9446.0
11494,876.0,-1376.0,4478.0,5024.0,-4127.0,2431.0,2,-4228.0
11495,196.0,-2308.0,3401.0,4960.0,-4036.0,-3893.0,2,-2918.0
11496,371.0,-1797.0,2405.0,4944.0,8790.0,-4109.0,2,12769.0
11497,89.0,-1099.0,4111.0,4896.0,-5900.0,-1092.0,2,-4890.0
11498,461.0,-1484.0,3492.0,4960.0,-2492.0,2180.0,2,-10498.0
11499,868.0,-879.0,2999.0,5024.0,-1125.0,1022.0,2,2896.0
11500,106.0,-1309.0,2755.0,4992.0,-3403.0,855.0,2,-5764.0
11501,1363.0,-1899.0,3265.0,4992.0,2317.0,2285.0,2,1100.0
11502,1067.0,-1618.0,3212.0,4960.0,12556.0,352.0,2,5915.0
11503,776.0,-654.0,3355.0,5008.0,-4930.0,-4065.0,2,5598.0
11504,734.0,-1306.0,3618.0,4944.0,10128.0,-5544.0,2,14694.0
11505,713.0,-968.0,3497.0,4928.0,-7134.0,-320.0,2,-2600.0
11506,901.0,-1241.0,2849.0,4960.0,8046.0,-4715.0,2,16500.0
11507,1025.0,-1483.0,4451.0,4992.0,-2180.0,-685.0,2,-2300.0
11508,557.0,-1264.0,4143.0,5008.0,-7395.0,-4218.0,2,3458.0
11509,948.0,-1120.0,2871.0,5008.0,3115.0,-575.0,2,7982.0
11510,1265.0,-923.0,4287.0,5008.0,-2651.0,-1434.0,2,2202.0
11511,662.0,-1192.0,4179.0,4928.0,-7202.0,-4889.0,2,-5691.0
11512,766.0,-1389.0,2250.0,5056.0,-1961.0,-4526.0,2,16919.0
11513,507.0,-1055.0,4500.0,4944.0,-476.0,-1469.0,2,3210.0
11514,848.0,-1514.0,4055.0,4960.0,-3217.0,-227.0,2,-4985.0
11515,959.0,-1352.0,2636.0,5056.0,-1231.0,-1631.0,2,8401.0
11516,646.0,-811.0,3703.0,5008.0,-1440.0,-1963.0,2,-681.0
11517,1239.0,-1711.0,3853.0,4992.0,-1822.0,2073.0,2,-3264.0
11518,1067.0,-1031.0,2560.0,5024.0,-1441.0,-2823.0,2,11426.0
11519,623.0,-1148.0,3166.0,4896.0,704.0,109.0,2,-954.0
11520,1466.0,-1925.0,3743.0,5008.0,-3540.0,707.0,2,-4279.0
11521,819.0,-1263.0,2975.0,4944.0,950.0,-2368.0,2,11614.0
11522,659.0,-887.0,3522.0,4944.0,-2755.0,-1706.0,2,-1360.0
11523,1387.0,-1682.0,4276.0,5056.0,-670.0,436.0,2,2958.0
11524,1459.0,7.0,3855.0,4992.0,-5993.0,-2074.0,2,-33.0
11525,-109.0,-914.0,3240.0,4944.0,-5482.0,4428.0,2,-10325.0
11526,645.0,-820.0,2764.0,4960.0,-4033.0,-6550.0,2,5977.0
11527,432.0,-767.0,2837.0,5008.0,5136.0,-2884.0,2,6320.0
11528,967.0,-1206.0,5650.0,4944.0,-1984.0,1927.0,2,-1082.0
11529,879.0,-637.0,3664.0,5072.0,3136.0,597.0,2,1416.0
11530,722.0,-855.0,3043.0,5008.0,-4529.0,-1816.0,2,-4356.0
11531,1142.0,-1510.0,5600.0,4944.0,3351.0,806.0,2,4224.0
11532,781.0,-391.0,4208.0,4992.0,-3402.0,-1205.0,2,-3590.0
11533,168.0,-1025.0,3446.0,4944.0,-5033.0,-2472.0,2,-8799.0
11534,1265.0,-1419.0,4204.0,4960.0,3672.0,2407.0,2,-1108.0
11535,1224.0,-981.0,3676.0,4896.0,1151.0,3632.0,2,-5977.0
11536,1078.0,-1788.0,2939.0,5056.0,7510.0,473.0,2,-3977.0
11537,313.0,-1130.0,2786.0,5024.0,-7911.0,-314.0,2,-10514.0
11538,862.0,-925.0,3886.0,4928.0,-357.0,1110.0,2,259.0
11539,391.0,-1674.0,3351.0,5008.0,-4830.0,4702.0,2,-12874.0
11540,1186.0,-1203.0,3699.0,4944.0,1970.0,4434.0,2,-19875.0
11541,194.0,-1150.0,3246.0,4992.0,-4363.0,2571.0,2,-13272.0
11542,946.0,-1164.0,3024.0,4960.0,4693.0,1575.0,2,-857.0
11543,781.0,-1002.0,5007.0,4992.0,4739.0,-378.0,2,4378.0
11544,1191.0,-885.0,3538.0,4992.0,-7532.0,-5167.0,2,3100.0
11545,868.0,-1504.0,2962.0,4992.0,8159.0,-1641.0,2,9240.0
11546,562.0,-964.0,5186.0,4992.0,4210.0,-1304.0,2,4620.0
11547,846.0,-611.0,3212.0,4896.0,-9760.0,-3820.0,2,-257.0
11548,1067.0,-1525.0,2802.0,4944.0,4018.0,643.0,2,2818.0
11549,1261.0,-1107.0,3221.0,4960.0,6357.0,2495.0,2,5782.0
11550,272.0,-1203.0,2515.0,4896.0,-5361.0,2246.0,2,-9893.0
11551,348.0,-1623.0,3159.0,4896.0,-2150.0,4507.0,2,-12295.0
11552,1345.0,-1326.0,4890.0,4960.0,9478.0,-1693.0,2,4100.0
11553,1005.0,-1081.0,2459.0,4960.0,-4677.0,-1428.0,2,3223.0
11554,1025.0,-1199.0,2763.0,5008.0,6980.0,1926.0,2,1131.0
11555,1759.0,-1751.0,2835.0,4896.0,1214.0,3816.0,2,-4328.0
11556,788.0,-1241.0,2410.0,4992.0,-6494.0,-1624.0,2,-4897.0
11557,1195.0,-1676.0,3953.0,4992.0,8127.0,1969.0,2,-2043.0
11558,1524.0,-1445.0,2911.0,4928.0,8997.0,2735.0,2,269.0
11559,640.0,-1032.0,2478.0,4928.0,-7310.0,-29.0,2,-8307.0
11560,1501.0,-1656.0,3946.0,4880.0,7224.0,2768.0,2,-1159.0
11561,1601.0,-1561.0,3430.0,4896.0,4267.0,2495.0,2,-892.0
11562,454.0,-1224.0,2692.0,4992.0,-7233.0,-1195.0,2,-6656.0
11563,1039.0,-1583.0,3997.0,5008.0,4923.0,1799.0,2,-2311.0
11564,1336.0,-1054.0,3539.0,4832.0,-803.0,2809.0,2,-1650.0
11565,715.0,-1385.0,2782.0,4928.0,-4549.0,-2280.0,2,-3827.0
11566,1035.0,-2015.0,2818.0,4928.0,5299.0,1138.0,2,502.0
11567,1421.0,-1410.0,3064.0,4960.0,1347.0,1446.0,2,2983.0
11568,380.0,-986.0,3119.0,4896.0,-8042.0,506.0,2,-8576.0
11569,1060.0,-1405.0,2912.0,4992.0,3157.0,3323.0,2,-1333.0
11570,792.0,-1299.0,4759.0,4960.0,109.0,1900.0,2,-1045.0
11571,-333.0,-1200.0,3698.0,4960.0,-909.0,5723.0,2,-20434.0
11572,690.0,-572.0,4026.0,4960.0,-5288.0,-2055.0,2,1734.0
11573,745.0,-1203.0,2958.0,4944.0,-4868.0,296.0,2,-6829.0
11574,1125.0,-1054.0,2816.0,5024.0,1813.0,1416.0,2,-824.0
11575,941.0,-959.0,4211.0,4944.0,2299.0,-601.0,2,3883.0
11576,890.0,-1174.0,4004.0,4928.0,-7199.0,-2848.0,2,-2819.0
11577,934.0,-1347.0,2899.0,4928.0,2382.0,-676.0,2,3879.0
11578,920.0,-810.0,4282.0,5008.0,-1133.0,167.0,2,-2496.0
11579,1293.0,-1613.0,3058.0,4960.0,-3871.0,478.0,2,-3516.0
11580,653.0,-738.0,3876.0,4880.0,-7344.0,-2351.0,2,-4177.0
11581,-121.0,-1355.0,3543.0,4928.0,-3094.0,6642.0,2,-12153.0
11582,433.0,-1351.0,3833.0,4928.0,-6726.0,712.0,2,-10535.0
11583,588.0,-1444.0,3065.0,4960.0,1546.0,4010.0,2,-4320.0
11584,1116.0,-1563.0,2587.0,4944.0,2406.0,1534.0,2,-2131.0
11585,1627.0,-2002.0,3227.0,4928.0,2196.0,1081.0,2,-1336.0
11586,-439.0,-1342.0,4013.0,4880.0,-5466.0,2701.0,2,-27893.0
11587,531.0,-1503.0,2938.0,4832.0,-2108.0,5414.0,2,-14281.0
11588,1321.0,-1798.0,3679.0,4944.0,2800.0,1237.0,2,-1287.0
11589,1619.0,-1425.0,3420.0,4928.0,309.0,-1044.0,2,5502.0
11590,772.0,-923.0,2585.0,4944.0,1611.0,-2831.0,2,11720.0
11591,686.0,-1008.0,3745.0,4928.0,497.0,136.0,2,-3831.0
11592,1147.0,-1328.0,3154.0,4960.0,-4941.0,-1071.0,2,-2736.0
11593,853.0,-982.0,2535.0,4880.0,2169.0,-2766.0,2,10782.0
11594,669.0,-1093.0,3626.0,4896.0,-2235.0,-1392.0,2,-3972.0
11595,1430.0,-1943.0,3794.0,4896.0,6.0,2248.0,2,-1213.0
11596,1128.0,-483.0,2718.0,4896.0,-3620.0,-4047.0,2,14127.0
11597,780.0,-732.0,3360.0,4944.0,-7989.0,-3371.0,2,1211.0
11598,1490.0,-2008.0,4487.0,4896.0,3467.0,2833.0,2,-2697.0
11599,771.0,-260.0,3352.0,4896.0,1440.0,-1064.0,2,5281.0
11600,735.0,-1125.0,3371.0,4896.0,-4353.0,-1724.0,2,-552.0
11601,1002.0,-1350.0,4600.0,4832.0,3120.0,2705.0,2,2011.0
11602,667.0,-950.0,3992.0,4992.0,-1017.0,640.0,2,-3650.0
11603,-201.0,-993.0,3946.0,4992.0,-2059.0,5156.0,2,-10798.0
11604,708.0,-1378.0,3152.0,5008.0,9923.0,-5353.0,2,8723.0
11605,680.0,-975.0,4629.0,4960.0,-3343.0,-966.0,2,-2843.0
11606,978.0,-1631.0,3185.0,4832.0,-3366.0,744.0,2,-4124.0
11607,877.0,-1254.0,2603.0,4832.0,1477.0,-1713.0,2,7865.0
11608,934.0,-1488.0,3818.0,4928.0,588.0,1558.0,2,-2707.0
11609,1331.0,-1494.0,3555.0,4928.0,-3197.0,-4531.0,2,-3976.0
11610,284.0,-987.0,3370.0,4992.0,1101.0,-5440.0,2,21561.0
11611,455.0,-1796.0,3157.0,4960.0,-9214.0,-946.0,2,167.0
11612,232.0,-1547.0,2875.0,4928.0,7593.0,-4839.0,2,9193.0
11613,761.0,-845.0,3459.0,4928.0,-534.0,-4083.0,2,1601.0
11614,1460.0,-1593.0,3631.0,4992.0,-748.0,-1173.0,2,-4036.0
11615,802.0,-974.0,3139.0,4928.0,-2351.0,-1514.0,2,6072.0
11616,334.0,-941.0,4112.0,5008.0,-2426.0,-2999.0,2,-1049.0
11617,988.0,-1862.0,4129.0,4832.0,1587.0,577.0,2,-4841.0
11618,649.0,-678.0,3141.0,4880.0,2066.0,-394.0,2,7612.0
11619,663.0,-1097.0,3543.0,4848.0,-2228.0,-1767.0,2,1031.0
11620,1215.0,-1565.0,5793.0,4992.0,6606.0,2207.0,2,4866.0
11621,1096.0,-1237.0,3739.0,5008.0,-5864.0,4201.0,2,-15328.0
11622,-710.0,-949.0,3280.0,4944.0,-2643.0,6308.0,2,-16096.0
11623,681.0,-1021.0,3438.0,5008.0,2485.0,-798.0,2,-1653.0
11624,767.0,-1172.0,4153.0,5008.0,-7321.0,-1789.0,2,-12905.0
11625,898.0,-1067.0,4045.0,4992.0,2028.0,-1023.0,2,-1943.0
11626,592.0,-988.0,4486.0,4944.0,429.0,-847.0,2,681.0
11627,956.0,-710.0,3375.0,4992.0,-2013.0,-1472.0,2,3810.0
11628,439.0,-632.0,5254.0,4992.0,-1907.0,850.0,2,-4857.0
11629,-141.0,-897.0,3247.0,4944.0,-3832.0,1081.0,2,-12202.0
11630,968.0,-1664.0,2591.0,4960.0,579.0,-3231.0,2,13966.0
11631,899.0,-1043.0,3174.0,4960.0,-8631.0,61.0,2,-13505.0
11632,698.0,-1308.0,3146.0,4896.0,2279.0,5047.0,2,-12607.0
11633,929.0,-1013.0,3152.0,4944.0,206.0,-2021.0,2,13514.0
11634,733.0,-879.0,3100.0,4928.0,-5399.0,-2578.0,2,-1361.0
11635,856.0,-1426.0,3662.0,4896.0,-5608.0,1127.0,2,-5239.0
11636,1022.0,-1448.0,5290.0,4896.0,9590.0,-979.0,2,10095.0
11637,1099.0,-492.0,2872.0,4896.0,83.0,-5015.0,2,15863.0
11638,759.0,-941.0,3418.0,4992.0,-3116.0,-1838.0,2,-1223.0
11639,1464.0,-1803.0,4170.0,4880.0,343.0,2313.0,2,-1243.0
11640,864.0,-742.0,2712.0,4880.0,-752.0,-1901.0,2,6752.0
11641,653.0,-845.0,3619.0,4944.0,245.0,-1173.0,2,-1588.0
11642,1073.0,-1105.0,4605.0,4992.0,-1832.0,3210.0,2,-2344.0
11643,945.0,-668.0,3817.0,4928.0,-4326.0,543.0,2,-2985.0
11644,609.0,-803.0,2850.0,4928.0,-1440.0,-1955.0,2,-3355.0
11645,1033.0,-1968.0,5223.0,5008.0,8031.0,3134.0,2,76.0
11646,908.0,-628.0,3829.0,4880.0,243.0,443.0,2,-320.0
11647,526.0,-909.0,3261.0,4928.0,-151.0,-1502.0,2,-3570.0
11648,1334.0,-1203.0,4905.0,4896.0,4193.0,2700.0,2,4435.0
11649,814.0,-244.0,3196.0,4928.0,2596.0,-2088.0,2,1251.0
11650,81.0,-913.0,3505.0,4848.0,-7105.0,-1177.0,2,-9724.0
11651,435.0,-1401.0,3651.0,4992.0,4410.0,4227.0,2,-13239.0
11652,1039.0,-1722.0,3236.0,4960.0,159.0,6200.0,2,1563.0
11653,-2.0,-801.0,3684.0,4992.0,1162.0,5662.0,2,-19615.0
11654,564.0,-829.0,3235.0,4960.0,615.0,2835.0,2,-2740.0
11655,530.0,-1007.0,3913.0,4960.0,-6447.0,-1320.0,2,-7579.0
11656,684.0,-1259.0,4266.0,4880.0,-1322.0,5640.0,2,-7406.0
11657,967.0,-1444.0,3044.0,4944.0,784.0,3976.0,2,-6577.0
11658,187.0,-944.0,3193.0,4880.0,-7995.0,2198.0,2,-17319.0
11659,271.0,-1593.0,3231.0,4944.0,1059.0,2520.0,2,-20429.0
11660,-31.0,-756.0,4267.0,4960.0,-4161.0,-994.0,2,-7850.0
11661,577.0,-1205.0,3553.0,4992.0,-5324.0,1197.0,2,-6264.0
11662,887.0,-725.0,3891.0,4928.0,-33.0,3531.0,2,-9572.0
11663,-13.0,-1226.0,3236.0,4960.0,-4770.0,1645.0,2,-16066.0
11664,850.0,-1021.0,2953.0,4896.0,-1005.0,2267.0,2,-6547.0
11665,370.0,-1033.0,4162.0,4992.0,-6432.0,-2342.0,2,-2169.0
11666,-84.0,-1712.0,5131.0,4880.0,-810.0,6374.0,2,-13360.0
11667,482.0,-741.0,3004.0,4960.0,-3136.0,-933.0,2,-6537.0
11668,274.0,-1117.0,3569.0,4944.0,-5945.0,283.0,2,-13795.0
11669,1212.0,-1928.0,2858.0,4928.0,3821.0,3172.0,2,-4460.0
11670,772.0,-1129.0,3741.0,4880.0,-1630.0,3326.0,2,-7775.0
11671,556.0,-708.0,3726.0,4832.0,-7067.0,5767.0,2,-14609.0
11672,852.0,-1016.0,3669.0,4928.0,-764.0,-467.0,2,2930.0
11673,-87.0,-982.0,3307.0,4896.0,-4949.0,-122.0,2,-18194.0
11674,552.0,-1155.0,3418.0,4880.0,-1948.0,3727.0,2,-19022.0
11675,-166.0,-1134.0,5492.0,4896.0,-4453.0,-118.0,2,-517.0
11676,-169.0,-1429.0,2948.0,4896.0,-2704.0,4744.0,2,-20752.0
11677,642.0,-526.0,3731.0,4832.0,-1539.0,-19.0,2,2008.0
11678,15.0,-1054.0,3338.0,4896.0,-4957.0,1591.0,2,-17893.0
11679,631.0,-1379.0,3277.0,4880.0,805.0,3853.0,2,-12753.0
11680,363.0,-1054.0,3847.0,4880.0,1133.0,956.0,2,-2545.0
11681,447.0,-1123.0,4116.0,4928.0,-4174.0,5057.0,2,-7352.0
11682,514.0,-61.0,4433.0,4832.0,820.0,-696.0,2,-4420.0
11683,-251.0,-1246.0,3041.0,4784.0,-6380.0,4257.0,2,-16682.0
11684,677.0,-1373.0,3116.0,4832.0,-1705.0,3298.0,2,-9474.0
11685,431.0,-804.0,4110.0,4848.0,-844.0,-239.0,2,-4143.0
11686,519.0,-1734.0,3631.0,4944.0,-4143.0,3378.0,2,-10726.0
11687,722.0,-454.0,4369.0,4928.0,-1927.0,2861.0,2,-10829.0
11688,-100.0,-1043.0,3673.0,4880.0,-4371.0,2244.0,2,-16378.0
11689,584.0,-1453.0,3087.0,4832.0,1486.0,2950.0,2,-10066.0
11690,350.0,-953.0,3970.0,4784.0,-5302.0,-555.0,2,-5440.0
11691,591.0,-1623.0,4305.0,4816.0,-1187.0,5178.0,2,-8605.0
11692,563.0,-560.0,4164.0,4832.0,-5450.0,1953.0,2,-14106.0
11693,-251.0,-1535.0,3546.0,4832.0,-119.0,873.0,2,-18524.0
11694,465.0,-1135.0,3409.0,4944.0,-727.0,3746.0,2,-17872.0
11695,199.0,-1074.0,5352.0,4960.0,71.0,757.0,2,-1446.0
11696,676.0,-1513.0,4522.0,4880.0,-3316.0,1021.0,2,-8706.0
11697,626.0,-1529.0,3121.0,4896.0,3501.0,-4818.0,2,14525.0
11698,640.0,-819.0,4079.0,4880.0,-1727.0,-3658.0,2,5577.0
11699,975.0,-1449.0,3989.0,4880.0,-4772.0,-2607.0,2,3482.0
11700,978.0,-1335.0,2447.0,4832.0,4775.0,-65.0,2,5667.0
11701,1015.0,-1076.0,5175.0,4896.0,6073.0,-371.0,2,6352.0
11702,861.0,-840.0,2747.0,4784.0,-6845.0,-2354.0,2,-3155.0
11703,791.0,-1624.0,2886.0,4960.0,6606.0,1206.0,2,-834.0
11704,475.0,-911.0,3450.0,4944.0,8730.0,-8659.0,2,14692.0
11705,1432.0,-1073.0,3226.0,4880.0,-4585.0,-957.0,2,4892.0
11706,830.0,-1009.0,2785.0,4944.0,-781.0,-4530.0,2,13522.0
11707,364.0,-1042.0,3098.0,4896.0,-842.0,-596.0,2,3339.0
11708,151.0,-1597.0,5269.0,4896.0,-3667.0,958.0,2,-10060.0
11709,1697.0,-1384.0,3144.0,4896.0,1546.0,-1421.0,2,11171.0
11710,760.0,-324.0,4474.0,4896.0,-8728.0,-2678.0,2,3735.0
11711,776.0,-822.0,3439.0,4880.0,389.0,-3263.0,2,5340.0
11712,527.0,-1648.0,3809.0,4832.0,-4340.0,-2621.0,2,-5005.0
11713,1255.0,-1159.0,2338.0,4944.0,1860.0,2400.0,2,-6148.0
11714,973.0,-1555.0,3770.0,4896.0,478.0,6788.0,2,-3323.0
11715,-118.0,-854.0,3570.0,4896.0,-7533.0,5628.0,2,-17650.0
11716,659.0,-15.0,3715.0,4896.0,111.0,-872.0,2,1866.0
11717,461.0,-871.0,2918.0,4960.0,-5927.0,115.0,2,-5911.0
11718,955.0,-1758.0,3612.0,4896.0,8741.0,5881.0,2,-1626.0
11719,1469.0,-1127.0,3377.0,4848.0,5080.0,-26.0,2,-2562.0
11720,609.0,-850.0,2954.0,4880.0,-725.0,-1383.0,2,-3251.0
11721,1584.0,-2315.0,5407.0,4832.0,7017.0,427.0,2,953.0
11722,1003.0,-1310.0,2886.0,4896.0,1160.0,-5351.0,2,19122.0
11723,462.0,-997.0,4353.0,4896.0,-854.0,-1597.0,2,-3893.0
11724,592.0,-1358.0,4166.0,4832.0,-5277.0,-1219.0,2,-9842.0
11725,646.0,-1524.0,2733.0,4832.0,7118.0,-1837.0,2,12220.0
11726,868.0,-771.0,3550.0,4944.0,-1479.0,-276.0,2,-944.0
11727,447.0,-1014.0,3876.0,4768.0,-5568.0,-2112.0,2,-2403.0
11728,570.0,-1509.0,2482.0,4832.0,8098.0,-1435.0,2,3356.0
11729,749.0,-1544.0,3777.0,4944.0,-463.0,1389.0,2,-8810.0
11730,225.0,-1362.0,3792.0,4944.0,-3527.0,1052.0,2,-13637.0
11731,678.0,-1198.0,2782.0,4880.0,-1761.0,156.0,2,3628.0
11732,706.0,-1187.0,3961.0,4880.0,-1646.0,-1367.0,2,1485.0
11733,1390.0,-1674.0,2935.0,4880.0,-7756.0,-2936.0,2,2798.0
11734,1143.0,-2284.0,2946.0,4944.0,400.0,-3772.0,2,11558.0
11735,-905.0,-1024.0,3906.0,4896.0,-199.0,5352.0,2,-20313.0
11736,624.0,-1113.0,3426.0,4880.0,-9132.0,3938.0,2,-19161.0
11737,1119.0,-1393.0,3114.0,4896.0,-1576.0,-1305.0,2,2732.0
11738,1510.0,-1419.0,4215.0,4880.0,10842.0,2874.0,2,6667.0
11739,1224.0,-1156.0,3678.0,4896.0,2489.0,1270.0,2,-2367.0
11740,693.0,-985.0,2695.0,4880.0,-4445.0,-1900.0,2,-3650.0
11741,1378.0,-1253.0,4475.0,4848.0,5498.0,4608.0,2,7709.0
11742,737.0,-466.0,3802.0,4816.0,3426.0,-2886.0,2,790.0
11743,546.0,-1150.0,3094.0,4880.0,-1587.0,-2376.0,2,-2767.0
11744,1583.0,-1878.0,4694.0,4880.0,4152.0,324.0,2,3159.0
11745,832.0,-805.0,2730.0,4928.0,-197.0,-497.0,2,2428.0
11746,90.0,-1158.0,3987.0,4832.0,-4991.0,-1110.0,2,-7021.0
11747,654.0,-1059.0,4632.0,4832.0,-1583.0,5839.0,2,-16671.0
11748,937.0,-609.0,3019.0,4848.0,1815.0,730.0,2,2717.0
11749,810.0,-1151.0,3140.0,4880.0,-2825.0,-3162.0,2,1548.0
11750,533.0,-1426.0,4488.0,4832.0,4219.0,3414.0,2,-8425.0
11751,500.0,-396.0,4078.0,4848.0,10070.0,2509.0,2,3867.0
11752,-146.0,346.0,3904.0,4944.0,-1946.0,-1055.0,2,-1.0
11753,734.0,-736.0,3765.0,4896.0,-5319.0,-297.0,2,-6269.0
11754,929.0,-594.0,3846.0,4768.0,7411.0,331.0,2,4316.0
11755,450.0,-363.0,3884.0,4848.0,4949.0,-397.0,2,2946.0
11756,608.0,-423.0,3780.0,4928.0,-9740.0,-563.0,2,432.0
11757,973.0,-870.0,3835.0,4848.0,-1497.0,557.0,2,-3177.0
11758,366.0,-203.0,4065.0,4848.0,8361.0,-1609.0,2,9284.0
11759,540.0,-266.0,4033.0,4832.0,-9627.0,1163.0,2,-4670.0
11760,971.0,-903.0,3876.0,4832.0,-3348.0,479.0,2,372.0
11761,780.0,-978.0,3766.0,4960.0,10352.0,-744.0,2,3398.0
11762,908.0,-267.0,3720.0,4928.0,-1956.0,2558.0,2,-3735.0
11763,1025.0,-889.0,3746.0,4928.0,-5107.0,1227.0,2,-1100.0
11764,722.0,-793.0,3765.0,4848.0,10905.0,-827.0,2,4600.0
11765,1024.0,-185.0,3522.0,4848.0,456.0,1811.0,2,224.0
11766,1399.0,-700.0,3919.0,4880.0,-8046.0,-85.0,2,-3437.0
11767,741.0,-339.0,3883.0,4832.0,8930.0,514.0,2,1095.0
11768,943.0,-251.0,3908.0,4848.0,-1499.0,1336.0,2,-2434.0
11769,1133.0,-534.0,3978.0,4816.0,-7655.0,-227.0,2,-669.0
11770,645.0,-540.0,3859.0,4768.0,10324.0,660.0,2,822.0
11771,837.0,-389.0,3578.0,4896.0,-4197.0,-497.0,2,-3192.0
11772,1288.0,-809.0,3835.0,4768.0,-5159.0,1003.0,2,-2941.0
11773,853.0,-546.0,3735.0,4880.0,8334.0,-55.0,2,2037.0
11774,880.0,-524.0,3942.0,4944.0,2649.0,-1123.0,2,-533.0
11775,1191.0,-661.0,3816.0,4896.0,-8902.0,456.0,2,-3201.0
11796,906.0,-801.0,3326.0,4832.0,-3339.0,1422.0,2,-4261.0
11797,1060.0,-827.0,3838.0,4832.0,-7228.0,-157.0,2,3073.0
11798,850.0,-814.0,3902.0,4720.0,10273.0,-254.0,2,2789.0
11799,676.0,-765.0,3683.0,4816.0,-1450.0,-773.0,2,-2960.0
11800,1306.0,-917.0,3668.0,4832.0,-4841.0,-397.0,2,-2800.0
11801,681.0,-823.0,3851.0,4784.0,11064.0,-970.0,2,3359.0
11802,472.0,-739.0,4257.0,4848.0,-1564.0,-3535.0,2,11123.0
11803,1173.0,-1387.0,3201.0,4848.0,-2664.0,-3559.0,2,12682.0
11804,991.0,-1489.0,4096.0,4768.0,6642.0,-141.0,2,4111.0
11805,629.0,-612.0,3931.0,4768.0,4817.0,168.0,2,-1667.0
11806,1051.0,-1161.0,3101.0,4768.0,-6719.0,3440.0,2,-5750.0
11807,1229.0,-1691.0,2509.0,4816.0,3848.0,-1155.0,2,-1429.0
11808,519.0,-1099.0,2795.0,4816.0,-7535.0,1637.0,2,-13712.0
11809,1370.0,-1555.0,4160.0,4768.0,5815.0,4845.0,2,-8422.0
11810,1113.0,-722.0,3781.0,4768.0,7812.0,1478.0,2,-2995.0
11811,513.0,-1148.0,2937.0,4752.0,-9070.0,-1395.0,2,-3199.0
11812,1018.0,-1017.0,4427.0,4832.0,1143.0,3181.0,2,-2032.0
11813,667.0,-215.0,3952.0,4832.0,3912.0,-737.0,2,4078.0
11814,727.0,-726.0,2917.0,4832.0,-6378.0,-2412.0,2,-2700.0
11815,1219.0,-1384.0,4955.0,4768.0,-797.0,1386.0,2,915.0
11816,838.0,-649.0,3683.0,4816.0,205.0,2082.0,2,-9395.0
11817,-138.0,-1083.0,3333.0,4928.0,-6932.0,2303.0,2,-16849.0
11818,865.0,-1162.0,2922.0,4880.0,-4510.0,3758.0,2,-7721.0
11819,733.0,-1303.0,4351.0,4816.0,-2988.0,-2798.0,2,-3210.0
11820,1517.0,-2211.0,3693.0,4832.0,9115.0,1739.0,2,-5948.0
11821,1173.0,-401.0,2576.0,4784.0,2267.0,-2618.0,2,5624.0
11822,977.0,-678.0,3786.0,4816.0,-350.0,-2072.0,2,1335.0
11823,1130.0,-1272.0,3932.0,4816.0,-5550.0,-990.0,2,-2597.0
11824,1096.0,-1401.0,3021.0,4880.0,3873.0,-1237.0,2,11320.0
11825,1195.0,-804.0,3387.0,4880.0,3704.0,-1317.0,2,2426.0
11826,953.0,-1109.0,4059.0,4832.0,-6069.0,-396.0,2,-7936.0
11827,1312.0,-1617.0,2856.0,4960.0,5610.0,-510.0,2,4573.0
11828,729.0,-1111.0,4801.0,4880.0,8936.0,-2281.0,2,3385.0
11829,863.0,-976.0,3791.0,4880.0,-6929.0,-407.0,2,-8458.0
11830,1131.0,-1275.0,2876.0,4768.0,373.0,2035.0,2,1125.0
11831,749.0,-1382.0,4418.0,4880.0,1371.0,1842.0,2,-2641.0
11832,-551.0,-1822.0,3602.0,4768.0,-5609.0,4836.0,2,-11469.0
11833,1073.0,-1493.0,2949.0,4816.0,-2396.0,649.0,2,-595.0
11834,402.0,-285.0,3157.0,4848.0,-5917.0,-2597.0,2,-10397.0
11835,1101.0,-1619.0,3504.0,4832.0,6204.0,2259.0,2,-906.0
11836,1859.0,-1676.0,2732.0,4832.0,7263.0,2551.0,2,1156.0
11837,655.0,-1197.0,2491.0,4832.0,-7377.0,-1492.0,2,-6804.0
11838,1514.0,-1541.0,3998.0,4816.0,9385.0,5053.0,2,-6195.0
11839,991.0,-260.0,3824.0,4848.0,4793.0,961.0,2,-9609.0
11840,826.0,-594.0,3183.0,4768.0,-8230.0,-3563.0,2,-2852.0
11841,1495.0,-1215.0,5642.0,4896.0,2267.0,1256.0,2,6488.0
11842,629.0,-130.0,3124.0,4928.0,7075.0,28.0,2,8822.0
12129,2954.0,-1210.0,-22.0,2480.0,11026.0,-9882.0,2,-8843.0
12130,2749.0,-1947.0,1632.0,2544.0,-11256.0,-2587.0,2,14665.0
12131,1551.0,-3679.0,1138.0,2560.0,-4510.0,-2543.0,2,10695.0
12132,3433.0,-2393.0,325.0,2480.0,2733.0,-342.0,2,2999.0
12133,3007.0,-2378.0,1074.0,2544.0,1601.0,-5538.0,2,4519.0
12134,2264.0,-816.0,2951.0,2560.0,-1090.0,-6560.0,2,-5369.0
12135,2994.0,-2699.0,317.0,2672.0,-955.0,-827.0,2,-1731.0
12136,3084.0,-1936.0,-443.0,2720.0,-6758.0,1650.0,2,-953.0
12202,-3316.0,1776.0,1006.0,2544.0,-2493.0,-6249.0,2,-24518.0
12203,2232.0,16548.0,-484.0,2592.0,-219.0,-1811.0,2,14037.0
